[{"model": "admin.logentry", "pk": 1, "fields": {"action_time": "2023-08-26T10:29:25.110Z", "user": 1, "content_type": 35, "object_id": "1", "object_repr": "main", "action_flag": 1, "change_message": "[{\"added\": {}}]"}}, {"model": "auth.permission", "pk": 1, "fields": {"name": "Can add log entry", "content_type": 1, "codename": "add_logentry"}}, {"model": "auth.permission", "pk": 2, "fields": {"name": "Can change log entry", "content_type": 1, "codename": "change_logentry"}}, {"model": "auth.permission", "pk": 3, "fields": {"name": "Can delete log entry", "content_type": 1, "codename": "delete_logentry"}}, {"model": "auth.permission", "pk": 4, "fields": {"name": "Can view log entry", "content_type": 1, "codename": "view_logentry"}}, {"model": "auth.permission", "pk": 5, "fields": {"name": "Can add permission", "content_type": 2, "codename": "add_permission"}}, {"model": "auth.permission", "pk": 6, "fields": {"name": "Can change permission", "content_type": 2, "codename": "change_permission"}}, {"model": "auth.permission", "pk": 7, "fields": {"name": "Can delete permission", "content_type": 2, "codename": "delete_permission"}}, {"model": "auth.permission", "pk": 8, "fields": {"name": "Can view permission", "content_type": 2, "codename": "view_permission"}}, {"model": "auth.permission", "pk": 9, "fields": {"name": "Can add group", "content_type": 3, "codename": "add_group"}}, {"model": "auth.permission", "pk": 10, "fields": {"name": "Can change group", "content_type": 3, "codename": "change_group"}}, {"model": "auth.permission", "pk": 11, "fields": {"name": "Can delete group", "content_type": 3, "codename": "delete_group"}}, {"model": "auth.permission", "pk": 12, "fields": {"name": "Can view group", "content_type": 3, "codename": "view_group"}}, {"model": "auth.permission", "pk": 13, "fields": {"name": "Can add user", "content_type": 4, "codename": "add_user"}}, {"model": "auth.permission", "pk": 14, "fields": {"name": "Can change user", "content_type": 4, "codename": "change_user"}}, {"model": "auth.permission", "pk": 15, "fields": {"name": "Can delete user", "content_type": 4, "codename": "delete_user"}}, {"model": "auth.permission", "pk": 16, "fields": {"name": "Can view user", "content_type": 4, "codename": "view_user"}}, {"model": "auth.permission", "pk": 17, "fields": {"name": "Can add content type", "content_type": 5, "codename": "add_contenttype"}}, {"model": "auth.permission", "pk": 18, "fields": {"name": "Can change content type", "content_type": 5, "codename": "change_contenttype"}}, {"model": "auth.permission", "pk": 19, "fields": {"name": "Can delete content type", "content_type": 5, "codename": "delete_contenttype"}}, {"model": "auth.permission", "pk": 20, "fields": {"name": "Can view content type", "content_type": 5, "codename": "view_contenttype"}}, {"model": "auth.permission", "pk": 21, "fields": {"name": "Can add session", "content_type": 6, "codename": "add_session"}}, {"model": "auth.permission", "pk": 22, "fields": {"name": "Can change session", "content_type": 6, "codename": "change_session"}}, {"model": "auth.permission", "pk": 23, "fields": {"name": "Can delete session", "content_type": 6, "codename": "delete_session"}}, {"model": "auth.permission", "pk": 24, "fields": {"name": "Can view session", "content_type": 6, "codename": "view_session"}}, {"model": "auth.permission", "pk": 25, "fields": {"name": "Can add employer", "content_type": 7, "codename": "add_employer"}}, {"model": "auth.permission", "pk": 26, "fields": {"name": "Can change employer", "content_type": 7, "codename": "change_employer"}}, {"model": "auth.permission", "pk": 27, "fields": {"name": "Can delete employer", "content_type": 7, "codename": "delete_employer"}}, {"model": "auth.permission", "pk": 28, "fields": {"name": "Can view employer", "content_type": 7, "codename": "view_employer"}}, {"model": "auth.permission", "pk": 29, "fields": {"name": "Can add jobs", "content_type": 8, "codename": "add_jobs"}}, {"model": "auth.permission", "pk": 30, "fields": {"name": "Can change jobs", "content_type": 8, "codename": "change_jobs"}}, {"model": "auth.permission", "pk": 31, "fields": {"name": "Can delete jobs", "content_type": 8, "codename": "delete_jobs"}}, {"model": "auth.permission", "pk": 32, "fields": {"name": "Can view jobs", "content_type": 8, "codename": "view_jobs"}}, {"model": "auth.permission", "pk": 33, "fields": {"name": "Can add job seeker", "content_type": 9, "codename": "add_jobseeker"}}, {"model": "auth.permission", "pk": 34, "fields": {"name": "Can change job seeker", "content_type": 9, "codename": "change_jobseeker"}}, {"model": "auth.permission", "pk": 35, "fields": {"name": "Can delete job seeker", "content_type": 9, "codename": "delete_jobseeker"}}, {"model": "auth.permission", "pk": 36, "fields": {"name": "Can view job seeker", "content_type": 9, "codename": "view_jobseeker"}}, {"model": "auth.permission", "pk": 37, "fields": {"name": "Can add login", "content_type": 10, "codename": "add_login"}}, {"model": "auth.permission", "pk": 38, "fields": {"name": "Can change login", "content_type": 10, "codename": "change_login"}}, {"model": "auth.permission", "pk": 39, "fields": {"name": "Can delete login", "content_type": 10, "codename": "delete_login"}}, {"model": "auth.permission", "pk": 40, "fields": {"name": "Can view login", "content_type": 10, "codename": "view_login"}}, {"model": "auth.permission", "pk": 41, "fields": {"name": "Can add selection", "content_type": 11, "codename": "add_selection"}}, {"model": "auth.permission", "pk": 42, "fields": {"name": "Can change selection", "content_type": 11, "codename": "change_selection"}}, {"model": "auth.permission", "pk": 43, "fields": {"name": "Can delete selection", "content_type": 11, "codename": "delete_selection"}}, {"model": "auth.permission", "pk": 44, "fields": {"name": "Can view selection", "content_type": 11, "codename": "view_selection"}}, {"model": "auth.permission", "pk": 45, "fields": {"name": "Can add application", "content_type": 12, "codename": "add_application"}}, {"model": "auth.permission", "pk": 46, "fields": {"name": "Can change application", "content_type": 12, "codename": "change_application"}}, {"model": "auth.permission", "pk": 47, "fields": {"name": "Can delete application", "content_type": 12, "codename": "delete_application"}}, {"model": "auth.permission", "pk": 48, "fields": {"name": "Can view application", "content_type": 12, "codename": "view_application"}}, {"model": "auth.permission", "pk": 49, "fields": {"name": "Can add experience job", "content_type": 13, "codename": "add_experiencejob"}}, {"model": "auth.permission", "pk": 50, "fields": {"name": "Can change experience job", "content_type": 13, "codename": "change_experiencejob"}}, {"model": "auth.permission", "pk": 51, "fields": {"name": "Can delete experience job", "content_type": 13, "codename": "delete_experiencejob"}}, {"model": "auth.permission", "pk": 52, "fields": {"name": "Can view experience job", "content_type": 13, "codename": "view_experiencejob"}}, {"model": "auth.permission", "pk": 53, "fields": {"name": "Can add education", "content_type": 14, "codename": "add_education"}}, {"model": "auth.permission", "pk": 54, "fields": {"name": "Can change education", "content_type": 14, "codename": "change_education"}}, {"model": "auth.permission", "pk": 55, "fields": {"name": "Can delete education", "content_type": 14, "codename": "delete_education"}}, {"model": "auth.permission", "pk": 56, "fields": {"name": "Can view education", "content_type": 14, "codename": "view_education"}}, {"model": "auth.permission", "pk": 57, "fields": {"name": "Can add profile visits", "content_type": 15, "codename": "add_profilevisits"}}, {"model": "auth.permission", "pk": 58, "fields": {"name": "Can change profile visits", "content_type": 15, "codename": "change_profilevisits"}}, {"model": "auth.permission", "pk": 59, "fields": {"name": "Can delete profile visits", "content_type": 15, "codename": "delete_profilevisits"}}, {"model": "auth.permission", "pk": 60, "fields": {"name": "Can view profile visits", "content_type": 15, "codename": "view_profilevisits"}}, {"model": "auth.permission", "pk": 61, "fields": {"name": "Can add threads", "content_type": 16, "codename": "add_threads"}}, {"model": "auth.permission", "pk": 62, "fields": {"name": "Can change threads", "content_type": 16, "codename": "change_threads"}}, {"model": "auth.permission", "pk": 63, "fields": {"name": "Can delete threads", "content_type": 16, "codename": "delete_threads"}}, {"model": "auth.permission", "pk": 64, "fields": {"name": "Can view threads", "content_type": 16, "codename": "view_threads"}}, {"model": "auth.permission", "pk": 65, "fields": {"name": "Can add messages", "content_type": 17, "codename": "add_messages"}}, {"model": "auth.permission", "pk": 66, "fields": {"name": "Can change messages", "content_type": 17, "codename": "change_messages"}}, {"model": "auth.permission", "pk": 67, "fields": {"name": "Can delete messages", "content_type": 17, "codename": "delete_messages"}}, {"model": "auth.permission", "pk": 68, "fields": {"name": "Can view messages", "content_type": 17, "codename": "view_messages"}}, {"model": "auth.permission", "pk": 69, "fields": {"name": "Can add resume analysis", "content_type": 18, "codename": "add_resumeanalysis"}}, {"model": "auth.permission", "pk": 70, "fields": {"name": "Can change resume analysis", "content_type": 18, "codename": "change_resumeanalysis"}}, {"model": "auth.permission", "pk": 71, "fields": {"name": "Can delete resume analysis", "content_type": 18, "codename": "delete_resumeanalysis"}}, {"model": "auth.permission", "pk": 72, "fields": {"name": "Can view resume analysis", "content_type": 18, "codename": "view_resumeanalysis"}}, {"model": "auth.permission", "pk": 73, "fields": {"name": "Can add liked jobs", "content_type": 19, "codename": "add_likedjobs"}}, {"model": "auth.permission", "pk": 74, "fields": {"name": "Can change liked jobs", "content_type": 19, "codename": "change_likedjobs"}}, {"model": "auth.permission", "pk": 75, "fields": {"name": "Can delete liked jobs", "content_type": 19, "codename": "delete_likedjobs"}}, {"model": "auth.permission", "pk": 76, "fields": {"name": "Can view liked jobs", "content_type": 19, "codename": "view_likedjobs"}}, {"model": "auth.permission", "pk": 77, "fields": {"name": "Can add notifications", "content_type": 20, "codename": "add_notifications"}}, {"model": "auth.permission", "pk": 78, "fields": {"name": "Can change notifications", "content_type": 20, "codename": "change_notifications"}}, {"model": "auth.permission", "pk": 79, "fields": {"name": "Can delete notifications", "content_type": 20, "codename": "delete_notifications"}}, {"model": "auth.permission", "pk": 80, "fields": {"name": "Can view notifications", "content_type": 20, "codename": "view_notifications"}}, {"model": "auth.permission", "pk": 81, "fields": {"name": "Can add test", "content_type": 21, "codename": "add_test"}}, {"model": "auth.permission", "pk": 82, "fields": {"name": "Can change test", "content_type": 21, "codename": "change_test"}}, {"model": "auth.permission", "pk": 83, "fields": {"name": "Can delete test", "content_type": 21, "codename": "delete_test"}}, {"model": "auth.permission", "pk": 84, "fields": {"name": "Can view test", "content_type": 21, "codename": "view_test"}}, {"model": "auth.permission", "pk": 85, "fields": {"name": "Can add test info", "content_type": 22, "codename": "add_testinfo"}}, {"model": "auth.permission", "pk": 86, "fields": {"name": "Can change test info", "content_type": 22, "codename": "change_testinfo"}}, {"model": "auth.permission", "pk": 87, "fields": {"name": "Can delete test info", "content_type": 22, "codename": "delete_testinfo"}}, {"model": "auth.permission", "pk": 88, "fields": {"name": "Can view test info", "content_type": 22, "codename": "view_testinfo"}}, {"model": "auth.permission", "pk": 89, "fields": {"name": "Can add test ques", "content_type": 23, "codename": "add_testques"}}, {"model": "auth.permission", "pk": 90, "fields": {"name": "Can change test ques", "content_type": 23, "codename": "change_testques"}}, {"model": "auth.permission", "pk": 91, "fields": {"name": "Can delete test ques", "content_type": 23, "codename": "delete_testques"}}, {"model": "auth.permission", "pk": 92, "fields": {"name": "Can view test ques", "content_type": 23, "codename": "view_testques"}}, {"model": "auth.permission", "pk": 93, "fields": {"name": "Can add test user", "content_type": 24, "codename": "add_testuser"}}, {"model": "auth.permission", "pk": 94, "fields": {"name": "Can change test user", "content_type": 24, "codename": "change_testuser"}}, {"model": "auth.permission", "pk": 95, "fields": {"name": "Can delete test user", "content_type": 24, "codename": "delete_testuser"}}, {"model": "auth.permission", "pk": 96, "fields": {"name": "Can view test user", "content_type": 24, "codename": "view_testuser"}}, {"model": "auth.permission", "pk": 97, "fields": {"name": "Can add interview", "content_type": 25, "codename": "add_interview"}}, {"model": "auth.permission", "pk": 98, "fields": {"name": "Can change interview", "content_type": 25, "codename": "change_interview"}}, {"model": "auth.permission", "pk": 99, "fields": {"name": "Can delete interview", "content_type": 25, "codename": "delete_interview"}}, {"model": "auth.permission", "pk": 100, "fields": {"name": "Can view interview", "content_type": 25, "codename": "view_interview"}}, {"model": "auth.permission", "pk": 101, "fields": {"name": "Can add feedback", "content_type": 26, "codename": "add_feedback"}}, {"model": "auth.permission", "pk": 102, "fields": {"name": "Can change feedback", "content_type": 26, "codename": "change_feedback"}}, {"model": "auth.permission", "pk": 103, "fields": {"name": "Can delete feedback", "content_type": 26, "codename": "delete_feedback"}}, {"model": "auth.permission", "pk": 104, "fields": {"name": "Can view feedback", "content_type": 26, "codename": "view_feedback"}}, {"model": "auth.permission", "pk": 105, "fields": {"name": "Can add newsletter", "content_type": 27, "codename": "add_newsletter"}}, {"model": "auth.permission", "pk": 106, "fields": {"name": "Can change newsletter", "content_type": 27, "codename": "change_newsletter"}}, {"model": "auth.permission", "pk": 107, "fields": {"name": "Can delete newsletter", "content_type": 27, "codename": "delete_newsletter"}}, {"model": "auth.permission", "pk": 108, "fields": {"name": "Can view newsletter", "content_type": 27, "codename": "view_newsletter"}}, {"model": "auth.permission", "pk": 109, "fields": {"name": "Can add all skills", "content_type": 28, "codename": "add_allskills"}}, {"model": "auth.permission", "pk": 110, "fields": {"name": "Can change all skills", "content_type": 28, "codename": "change_allskills"}}, {"model": "auth.permission", "pk": 111, "fields": {"name": "Can delete all skills", "content_type": 28, "codename": "delete_allskills"}}, {"model": "auth.permission", "pk": 112, "fields": {"name": "Can view all skills", "content_type": 28, "codename": "view_allskills"}}, {"model": "auth.permission", "pk": 113, "fields": {"name": "Can add course", "content_type": 29, "codename": "add_course"}}, {"model": "auth.permission", "pk": 114, "fields": {"name": "Can change course", "content_type": 29, "codename": "change_course"}}, {"model": "auth.permission", "pk": 115, "fields": {"name": "Can delete course", "content_type": 29, "codename": "delete_course"}}, {"model": "auth.permission", "pk": 116, "fields": {"name": "Can view course", "content_type": 29, "codename": "view_course"}}, {"model": "auth.permission", "pk": 117, "fields": {"name": "Can add role details", "content_type": 30, "codename": "add_roledetails"}}, {"model": "auth.permission", "pk": 118, "fields": {"name": "Can change role details", "content_type": 30, "codename": "change_roledetails"}}, {"model": "auth.permission", "pk": 119, "fields": {"name": "Can delete role details", "content_type": 30, "codename": "delete_roledetails"}}, {"model": "auth.permission", "pk": 120, "fields": {"name": "Can view role details", "content_type": 30, "codename": "view_roledetails"}}, {"model": "auth.permission", "pk": 121, "fields": {"name": "Can add admin", "content_type": 31, "codename": "add_admin"}}, {"model": "auth.permission", "pk": 122, "fields": {"name": "Can change admin", "content_type": 31, "codename": "change_admin"}}, {"model": "auth.permission", "pk": 123, "fields": {"name": "Can delete admin", "content_type": 31, "codename": "delete_admin"}}, {"model": "auth.permission", "pk": 124, "fields": {"name": "Can view admin", "content_type": 31, "codename": "view_admin"}}, {"model": "auth.permission", "pk": 125, "fields": {"name": "Can add email address", "content_type": 32, "codename": "add_emailaddress"}}, {"model": "auth.permission", "pk": 126, "fields": {"name": "Can change email address", "content_type": 32, "codename": "change_emailaddress"}}, {"model": "auth.permission", "pk": 127, "fields": {"name": "Can delete email address", "content_type": 32, "codename": "delete_emailaddress"}}, {"model": "auth.permission", "pk": 128, "fields": {"name": "Can view email address", "content_type": 32, "codename": "view_emailaddress"}}, {"model": "auth.permission", "pk": 129, "fields": {"name": "Can add email confirmation", "content_type": 33, "codename": "add_emailconfirmation"}}, {"model": "auth.permission", "pk": 130, "fields": {"name": "Can change email confirmation", "content_type": 33, "codename": "change_emailconfirmation"}}, {"model": "auth.permission", "pk": 131, "fields": {"name": "Can delete email confirmation", "content_type": 33, "codename": "delete_emailconfirmation"}}, {"model": "auth.permission", "pk": 132, "fields": {"name": "Can view email confirmation", "content_type": 33, "codename": "view_emailconfirmation"}}, {"model": "auth.permission", "pk": 133, "fields": {"name": "Can add social account", "content_type": 34, "codename": "add_socialaccount"}}, {"model": "auth.permission", "pk": 134, "fields": {"name": "Can change social account", "content_type": 34, "codename": "change_socialaccount"}}, {"model": "auth.permission", "pk": 135, "fields": {"name": "Can delete social account", "content_type": 34, "codename": "delete_socialaccount"}}, {"model": "auth.permission", "pk": 136, "fields": {"name": "Can view social account", "content_type": 34, "codename": "view_socialaccount"}}, {"model": "auth.permission", "pk": 137, "fields": {"name": "Can add social application", "content_type": 35, "codename": "add_socialapp"}}, {"model": "auth.permission", "pk": 138, "fields": {"name": "Can change social application", "content_type": 35, "codename": "change_socialapp"}}, {"model": "auth.permission", "pk": 139, "fields": {"name": "Can delete social application", "content_type": 35, "codename": "delete_socialapp"}}, {"model": "auth.permission", "pk": 140, "fields": {"name": "Can view social application", "content_type": 35, "codename": "view_socialapp"}}, {"model": "auth.permission", "pk": 141, "fields": {"name": "Can add social application token", "content_type": 36, "codename": "add_socialtoken"}}, {"model": "auth.permission", "pk": 142, "fields": {"name": "Can change social application token", "content_type": 36, "codename": "change_socialtoken"}}, {"model": "auth.permission", "pk": 143, "fields": {"name": "Can delete social application token", "content_type": 36, "codename": "delete_socialtoken"}}, {"model": "auth.permission", "pk": 144, "fields": {"name": "Can view social application token", "content_type": 36, "codename": "view_socialtoken"}}, {"model": "auth.user", "pk": 1, "fields": {"password": "pbkdf2_sha256$600000$SkjVqUXSMndarJ9M1jlL9o$SygX1E6wHqrPCsvM2ZafU9VVC877pyVAEaWFmicVyJ8=", "last_login": "2023-08-26T10:11:48.304Z", "is_superuser": true, "username": "aditya", "first_name": "", "last_name": "", "email": "", "is_staff": true, "is_active": true, "date_joined": "2023-08-26T10:07:30.165Z", "groups": [], "user_permissions": []}}, {"model": "contenttypes.contenttype", "pk": 1, "fields": {"app_label": "admin", "model": "logentry"}}, {"model": "contenttypes.contenttype", "pk": 2, "fields": {"app_label": "auth", "model": "permission"}}, {"model": "contenttypes.contenttype", "pk": 3, "fields": {"app_label": "auth", "model": "group"}}, {"model": "contenttypes.contenttype", "pk": 4, "fields": {"app_label": "auth", "model": "user"}}, {"model": "contenttypes.contenttype", "pk": 5, "fields": {"app_label": "contenttypes", "model": "contenttype"}}, {"model": "contenttypes.contenttype", "pk": 6, "fields": {"app_label": "sessions", "model": "session"}}, {"model": "contenttypes.contenttype", "pk": 7, "fields": {"app_label": "main", "model": "employer"}}, {"model": "contenttypes.contenttype", "pk": 8, "fields": {"app_label": "main", "model": "jobs"}}, {"model": "contenttypes.contenttype", "pk": 9, "fields": {"app_label": "main", "model": "jobseeker"}}, {"model": "contenttypes.contenttype", "pk": 10, "fields": {"app_label": "main", "model": "login"}}, {"model": "contenttypes.contenttype", "pk": 11, "fields": {"app_label": "main", "model": "selection"}}, {"model": "contenttypes.contenttype", "pk": 12, "fields": {"app_label": "main", "model": "application"}}, {"model": "contenttypes.contenttype", "pk": 13, "fields": {"app_label": "main", "model": "experiencejob"}}, {"model": "contenttypes.contenttype", "pk": 14, "fields": {"app_label": "main", "model": "education"}}, {"model": "contenttypes.contenttype", "pk": 15, "fields": {"app_label": "main", "model": "profilevisits"}}, {"model": "contenttypes.contenttype", "pk": 16, "fields": {"app_label": "main", "model": "threads"}}, {"model": "contenttypes.contenttype", "pk": 17, "fields": {"app_label": "main", "model": "messages"}}, {"model": "contenttypes.contenttype", "pk": 18, "fields": {"app_label": "main", "model": "resumeanalysis"}}, {"model": "contenttypes.contenttype", "pk": 19, "fields": {"app_label": "main", "model": "likedjobs"}}, {"model": "contenttypes.contenttype", "pk": 20, "fields": {"app_label": "main", "model": "notifications"}}, {"model": "contenttypes.contenttype", "pk": 21, "fields": {"app_label": "main", "model": "test"}}, {"model": "contenttypes.contenttype", "pk": 22, "fields": {"app_label": "main", "model": "testinfo"}}, {"model": "contenttypes.contenttype", "pk": 23, "fields": {"app_label": "main", "model": "testques"}}, {"model": "contenttypes.contenttype", "pk": 24, "fields": {"app_label": "main", "model": "testuser"}}, {"model": "contenttypes.contenttype", "pk": 25, "fields": {"app_label": "main", "model": "interview"}}, {"model": "contenttypes.contenttype", "pk": 26, "fields": {"app_label": "main", "model": "feedback"}}, {"model": "contenttypes.contenttype", "pk": 27, "fields": {"app_label": "main", "model": "newsletter"}}, {"model": "contenttypes.contenttype", "pk": 28, "fields": {"app_label": "main", "model": "allskills"}}, {"model": "contenttypes.contenttype", "pk": 29, "fields": {"app_label": "main", "model": "course"}}, {"model": "contenttypes.contenttype", "pk": 30, "fields": {"app_label": "main", "model": "roledetails"}}, {"model": "contenttypes.contenttype", "pk": 31, "fields": {"app_label": "main", "model": "admin"}}, {"model": "contenttypes.contenttype", "pk": 32, "fields": {"app_label": "account", "model": "emailaddress"}}, {"model": "contenttypes.contenttype", "pk": 33, "fields": {"app_label": "account", "model": "emailconfirmation"}}, {"model": "contenttypes.contenttype", "pk": 34, "fields": {"app_label": "socialaccount", "model": "socialaccount"}}, {"model": "contenttypes.contenttype", "pk": 35, "fields": {"app_label": "socialaccount", "model": "socialapp"}}, {"model": "contenttypes.contenttype", "pk": 36, "fields": {"app_label": "socialaccount", "model": "socialtoken"}}, {"model": "sessions.session", "pk": "1r9mn2yhwbgdjzk182zn2dg49vlyw918", "fields": {"session_data": "eyJuYW1lIjoiSmFpIiwicGsiOjU0Mjc2NDA5NCwidHlwZSI6ImFkbWluIiwiZW1haWwiOiJqYWk0OEBnbWFpbC5jb20iLCJub3RpZm51bSI6MH0:1qZOzG:s8EkDhtvQityqUqhNYOeVz4vGqR2V0tlAw7VNK8A5GU", "expire_date": "2023-09-08T05:03:58.449Z"}}, {"model": "sessions.session", "pk": "1x8d61wdz70r5ufte0afm3j74e4rsb7u", "fields": {"session_data": ".eJwVj11rwjAUhv9L6KW2IUtTLQirWDeKiJtublclW9I0a_OxJepE9t-XnIsD7_sceDg3wBWVIyjBF5V4di9iSj-NAhNgqXMX88MCtB8D61DreopykhAYJ1l2NapXdqbE8P564pcux5szTxyEa7NvmrvDcHxRy0Ovd4g9VPv56vf7eV0_FmOVO1xti7enRbBoqngwNFRG5QDKHKOCYDjHE-CvNjLKlNSR9sabkDPFmaTZaIRxGSHtlgvT7s4-bTeehRX6Nrxgqb5O49E0T60W0WW87PRJgRL-_QNFlU8z:1qYUvy:Y7ab8pfiTfQ7CWLH5DrZx7QXJd6QE9gs4dcC7J7NQUs", "expire_date": "2023-09-05T17:12:50.479Z"}}, {"model": "sessions.session", "pk": "2mi1nrlsjrqi62uuokf5uoa3xkvhwyfa", "fields": {"session_data": "e30:1qXF6X:O3-49-u9LSrXMq_49Fttif0ub7nF_5qg5wjWd-1wFAM", "expire_date": "2023-09-02T06:06:33.958Z"}}, {"model": "sessions.session", "pk": "4fo4udou1to3q1e4h1b7l0v4j61nkuui", "fields": {"session_data": ".eJwljW9rgzAQxr9L8N1K_ZNqrDCYXdnqKK6UMUrfSNSEZDWeLGndHP3uTdZ78XB3zz33-0NMUdmhDI1UUQF8kcRPl3Aa5w0oNEMD1XqE79YeDPWp5VGlBY3ixEsCV94zDre74oxXZFMS-fa62pL1R-rV-7wsxQP7mVrcHT_rYkpNsQheaH4ozSbl3dJ_51GXLyd4tJSeKmYJX6DZIBz1hDJMMA5jTMgMmd_B2Y1zBBiwva9YK6n_P2qfBNU9W-3couL0Ihvo51bcdzCS92eFsjC63gBSBkv-:1qZ7xU:-rONuGV0YioWdzw9lp_s0yumF6lyhJBcwV4LTK6UXMk", "expire_date": "2023-09-07T10:53:00.486Z"}}, {"model": "sessions.session", "pk": "4gk7d4yy9z51xiqahaezsqtq6yip34m4", "fields": {"session_data": "eyJuYW1lIjoiSmFpIiwicGsiOjU0Mjc2NDA5NCwidHlwZSI6ImFkbWluIn0:1qXLsN:Ssq0QRLXYZAjFshoYXKfPL4OMObburshB4QQBZgKfXs", "expire_date": "2023-09-02T13:20:23.932Z"}}, {"model": "sessions.session", "pk": "4n1rrewassd67t4dkmdakh36h3rai1a4", "fields": {"session_data": ".eJwVj2trwjAUhv-KhH7U3pNeYLCKdUOK6HS6fQrZmrahzWUmWmXsv685nw7nfXgfzi-gnLAB5ECxi7zDIAnS55FRTpn7LTmYA0W0HuWltshXXzch1h0JIXKQb8dZNmVYrlTK2_7zdKVjA-PqRh3t-2t52GyiY39-58tjJ3Zh_VIcstX9521dviZDAXVcbJOP_dNkEYTTybClrZztbsadVaZ2rb0HeRpFGYJxkM2BeSiLUZt00shp9zitGfEG2UrtIYRtBbYV2Fbgarrj6RNFxGNhoQV0lWitUhrWiCsHefD3D3DDUxQ:1qTlRs:9o9niLq1jKAf3EhpdW4E91e2E7l8LMaecSSZWN9D2xE", "expire_date": "2023-08-23T15:50:12.970Z"}}, {"model": "sessions.session", "pk": "4xe7epy9sorhjq6h9j1s1s6qlmzwxtq6", "fields": {"session_data": "eyJuYW1lIjoiSmFpIiwicGsiOjU0Mjc2NDA5NCwidHlwZSI6ImFkbWluIiwiZW1haWwiOiJqYWk0OEBnbWFpbC5jb20iLCJub3RpZm51bSI6MH0:1qZWLn:IdMqQy2HdANcQjnmCbvzXRR_Yh6E_KD_WCNlLXQP1rU", "expire_date": "2023-09-08T12:55:43.503Z"}}, {"model": "sessions.session", "pk": "6zt6fr6x00n7aaw6dbfira94wdsa7l7q", "fields": {"session_data": "eyJuYW1lIjoiSmFpIiwicGsiOjU0Mjc2NDA5NCwidHlwZSI6ImFkbWluIiwiZW1haWwiOiJqYWk0OEBnbWFpbC5jb20ifQ:1qaW37:K5Kb52N_us_dTx1PFRoSl6u_EKKchLtknEzD7rArCco", "expire_date": "2023-09-11T06:48:33.281Z"}}, {"model": "sessions.session", "pk": "8kmn2ll4in7wc1g4g2t1ggil7x3o7sup", "fields": {"session_data": ".eJwVzdsKgjAAgOFXieGdofNYE4Iy6OBFWbOwq1jbomWauFlp9O7pf_3B_wU8J-IBAmAxZUMqLR9OmSQqNzirDVGAISiJlO9nxTpUXjJ2tc_yRmzP1xwEuzR1sFbNe4R37ZqnTYTa0PnwUMN6HW8X2f44Q4n-2eFUFGZF5zpeRpi6ib3xXpTGmTDFadJdCpLz7pDwO5EDHPffDAQORCNkuWNvCFRT9oD29qnEtahzEMDfHyIXO3U:1q7TtZ:J5L0HE75hLTp6Kgur9uLkln_tHJ6zdt4YKey7-jsEqk", "expire_date": "2023-06-23T04:38:41.003Z"}}, {"model": "sessions.session", "pk": "9cqnxjg81j4vls4zzwdcgb9q83tlbmdy", "fields": {"session_data": ".eJwVzU0LgjAAxvGvEsNjlPMtFYLAOiRpShroJaZuTm1qTTOKvnvzuT38D78vwAxVd2CDAdeI78r5rfKOgSXoEedT9yxE7LOmIMqNU6TohqRaspg0yjA1wz1xvJcf6iZGxSlJAykz3WP2dvAVZrU_WK7prUtIOYtSdzoQP49hcqb08Qn1eCuUFjEshGjmF5dgdhtg69DYyKqmid4NFWlHBmz59wcGxjZG:1pRbqU:PFASUs7tcC0KKstM206LNuv2DNON4RQnWiereSbr0P0", "expire_date": "2023-02-27T16:38:26.716Z"}}, {"model": "sessions.session", "pk": "bps5hshuh3x848ghudyvhz2ao7qt4r9b", "fields": {"session_data": "eyJuYW1lIjoiSmFpIiwicGsiOjU0Mjc2NDA5NCwidHlwZSI6ImFkbWluIn0:1qXFDa:HgpQPOcSO-RA5KTIxX3JSi9-ufFHWs45o1DxIi2e9KQ", "expire_date": "2023-09-02T06:13:50.774Z"}}, {"model": "sessions.session", "pk": "cs2uuv83zf9xal7ds1asgzrprcslkhkj", "fields": {"session_data": ".eJxVjEEOwiAQRe_C2hCmggwu3XuGZmYAqRpISrsy3l2bdKHb_977LzXSupRx7Wkep6jOCtThd2OSR6obiHeqt6al1WWeWG-K3mnX1xbT87K7fweFevnWHtgJQhKMhDF7JJctEGcZ0GS0NhAMlnxkskcIPok5EQrnwMZlL-r9AQF5OMU:1qZqES:lctEChHJmKmMuPw7Z1kS6505j5wXfrm-nEGVqlnPk1w", "expire_date": "2023-09-09T10:09:28.786Z"}}, {"model": "sessions.session", "pk": "d3eyudflegderbf2ptb2fb0fzisgno6i", "fields": {"session_data": ".eJwljW9rgzAQxr9L8N1K_ZNqrDCYXdnqKK6UMUrfSNSEZDWeLGndHP3uTdZ78XB3zz33-0NMUdmhDI1UUQF8kcRPl3Aa5w0oNEMD1XqE79YeDPWp5VGlBY3ixEsCV94zDre74oxXZFMS-fa62pL1R-rV-7wsxQP7mVrcHT_rYkpNsQheaH4ozSbl3dJ_51GXLyd4tJSeKmYJX6DZIBz1hDJMMA5jTMgMmd_B2Y1zBBiwva9YK6n_P2qfBNU9W-3couL0Ihvo51bcdzCS92eFsjC63gBSBkv-:1qbdab:op2IZ8LNeEuYGId7dYpSH1r0CU8oPQOQc0s_272bBmU", "expire_date": "2023-09-14T09:03:45.329Z"}}, {"model": "sessions.session", "pk": "fubhffp3o806xh1jqg38k57fqimph8tm", "fields": {"session_data": ".eJwVjt0KgjAARl8lhndJ-FM2hSAlhIrM_IHqJlbO1DldaqVF7972XR4OnO8LMEV5CSzQ4QK1LVP05V2Qya2mQAaMs3fdJFxgV5Kk2qXNkDYzJN1U-CRvXZad6QboE8apk9HDEKlOK236ikRNUuBXf7J9lsEzgcHDdqv93PS9_riKhx3JtmOWxgteqRDFvBCJC6PQF10CrDmEijY1FCiDbmBCwMKtuzytnhRY6u8PPP48cA:1qKYJ3:bi8Sd__HiXkkkbnXyUfDt4KpHhvC48u0kVBYrfNxqaI", "expire_date": "2023-07-29T05:59:01.841Z"}}, {"model": "sessions.session", "pk": "gq0ywir3lajseg63xhbg4zh3v63y4928", "fields": {"session_data": "e30:1qXF70:SRESgoCtjM8twko7hqX94kNXON8CtZtcTw-as5pQ2-c", "expire_date": "2023-09-02T06:07:02.735Z"}}, {"model": "sessions.session", "pk": "imu4v6vqvoahdbrlwlavcxaczzckti6u", "fields": {"session_data": ".eJwdztsKgkAUheF3GbxLQkcNFIIOkChhkkXZTWx1pEFnO3hEo3fPWrf_xbfehAngJXFIyqqNkNXA6iVHohIJTTNUdTYnmRRZTp_NC6i1Ugxbm6fEZeBOfThdaHwe8SQPyPWHpyBrYnYFzqJ7ecy7CBN_7PW9t2j9HPQgCnV7d0sluJCuZwVBsFnY1tBzzODnFsShNtVMwzJV0o7y1yET_1NYtTzHThBH-3wBkmQ8KQ:1qKXPf:Tz-GUHd8SIgQ35c4B_GEfu4kXZUIRpDIPRUwrCyORCk", "expire_date": "2023-07-29T05:01:47.900Z"}}, {"model": "sessions.session", "pk": "kd3ey5ne1hruk8zxlvnaj19q9hl470ha", "fields": {"session_data": ".eJw1zU0LgjAAxvHvMjxGie6lCUEdglILBKPwElMnmm_LbcyKvnt66Ln-H_h9AG9Z1QAPKP5gctuK3vBhWXVgAQST0vRDPkWR1nnh3GXJHIQtl9rTrDgL-sZECaURsrU6BYkhN24pqHfssF_FTqFDMzzl0Q9hfE6uI3FhKegFvceUYOpDuJmUjrX8z89oDTwHrxHB2HYXQL3EXLP52Kuq6HQLPPv7AygYOOg:1qKXdu:5ayFP6aIN9Ur-OuyXvsTO6tT0nm6ae5GImmhgtCrFO0", "expire_date": "2023-07-29T05:16:30.195Z"}}, {"model": "sessions.session", "pk": "m99fqo61j2neme5ohjgz9to20r5uujx2", "fields": {"session_data": ".eJxVjEEOwiAQRe_C2hCmggwu3XuGZmYAqRpISrsy3l2bdKHb_977LzXSupRx7Wkep6jOCtThd2OSR6obiHeqt6al1WWeWG-K3mnX1xbT87K7fweFevnWHtgJQhKMhDF7JJctEGcZ0GS0NhAMlnxkskcIPok5EQrnwMZlL-r9AQF5OMU:1qZqGi:xS0Ij5rjBgrVhN_vPVO90ARFLrjnwxmC76m7vli1npo", "expire_date": "2023-09-09T10:11:48.305Z"}}, {"model": "sessions.session", "pk": "new71oz4cqzgu9nmb0pnukm851gjnkre", "fields": {"session_data": "eyJuYW1lIjoiSmFpIiwicGsiOjU0Mjc2NDA5NCwidHlwZSI6ImFkbWluIiwibm90aWZudW0iOjAsImVtYWlsIjoiamFpNDhAZ21haWwuY29tIn0:1qXMkd:ZRyTcCdkpCoyQkdHzb6p8RD9KkmmB-RPjkZmL-gXjWA", "expire_date": "2023-09-02T14:16:27.369Z"}}, {"model": "sessions.session", "pk": "nr8plnymeib6mjnyvjsagd7kgtls2vg8", "fields": {"session_data": "eyJuYW1lIjoiSmFpIiwicGsiOjU0Mjc2NDA5NCwidHlwZSI6ImFkbWluIn0:1qXFXZ:CN7u9KDnz2jysH-fi_m31gtom9NS6UI3wIG7qKOmJtM", "expire_date": "2023-09-02T06:34:29.402Z"}}, {"model": "sessions.session", "pk": "puferngspbchsondrytfjz7xc1yxbka9", "fields": {"session_data": ".eJwVjt0KgjAARl8lhndFLCubQpARQUVm_kB1Eyu31DlduUqL3r3tuzwcON8XEI6zAjhAkhzXtYDD2U2T_rXioAeEYu_qkShBXFhCzXOdYnNsGUMbqhneqiikvQzwJ4zpPOX7NhrMa2PdlCx6JDl5NUfXFyk6MRTc3WW5m9i-1xwWcbtl6aYraDxVlRJzogqRvtAJfd1lwJkgBM2RBVEPyFZogWi3khktnxw48PcHPPw8bw:1pzTEq:EAe5dv9aho5GXY7R5mkHep9DQ8FpOhvwDGUbJ1bMkiE", "expire_date": "2023-06-01T02:19:32.929Z"}}, {"model": "sessions.session", "pk": "svvl7nlu6rz25gwrx9zmveaglcrjjx8f", "fields": {"session_data": "e30:1qXExv:rdPheHFnCQlja2aXWJRrMTnJ8b8npEHUmCc20zzLAns", "expire_date": "2023-09-02T05:57:39.158Z"}}, {"model": "sessions.session", "pk": "tamzi2q3mqv0keqtiyzlyeg8kgzts5h1", "fields": {"session_data": ".eJwVjt0KgjAARl8lhndJ-FM2hSAlhIrM_IHqJlbO1DldaqVF7972XR4OnO8LMEV5CSzQ4QK1LVP05V2Qya2mQAaMs3fdJFxgV5Kk2qXNkDYzJN1U-CRvXZad6QboE8apk9HDEKlOK236ikRNUuBXf7J9lsEzgcHDdqv93PS9_riKhx3JtmOWxgteqRDFvBCJC6PQF10CrDmEijY1FCiDbmBCwMKtuzytnhRY6u8PPP48cA:1q6oq3:ESS4lQ8M9jY4SEx4XUFuzpD0ToR2A4IIdJ4xXlO-YYE", "expire_date": "2023-06-21T08:48:19.770Z"}}, {"model": "sessions.session", "pk": "tpyk8lt67b9g88we3blb3z4116mp4msl", "fields": {"session_data": "e30:1qXFBk:lqxsBGSV9ug9ac7WFxSz2Z5GC_Lxyiqy14zpLBZ4chs", "expire_date": "2023-09-02T06:11:56.335Z"}}, {"model": "sessions.session", "pk": "u8xdl8fuofxo498e6dak6xy19sbpp774", "fields": {"session_data": "eyJuYW1lIjoiSmFpIiwicGsiOjU0Mjc2NDA5NCwidHlwZSI6ImFkbWluIiwiZW1haWwiOiJqYWk0OEBnbWFpbC5jb20iLCJub3RpZm51bSI6MH0:1qYO11:9gPZSx4AZyD9kV9kFu_6Hx8DGkEWjV4XibRMJ4Fk780", "expire_date": "2023-09-05T09:49:35.060Z"}}, {"model": "sessions.session", "pk": "vgwww1taqqb1mv2hd1i2ogb4v4j851pp", "fields": {"session_data": "eyJuYW1lIjoiSmFpIiwicGsiOjU0Mjc2NDA5NCwidHlwZSI6ImFkbWluIn0:1qXFaN:lBOAHMa04mKucxO1SF6kq99XcbAT2U6xFb7-Op-pG8A", "expire_date": "2023-09-02T06:37:23.137Z"}}, {"model": "sessions.session", "pk": "ws2aip1d5tomp6f2dje2uguftbu2yyh5", "fields": {"session_data": "eyJuYW1lIjoiSmFpIiwicGsiOjU0Mjc2NDA5NCwidHlwZSI6ImFkbWluIn0:1qXFVK:qt3vtHPT3voptP-pI903pO2UHDcWcUP6-1I8boPcbyQ", "expire_date": "2023-09-02T06:32:10.129Z"}}, {"model": "sessions.session", "pk": "ygysdufpkko7tuab3kzas1qumojxauuz", "fields": {"session_data": ".eJwVjt0KgjAARl8lhndJ-FM2hSAlhIrM_IHqJlbO1DldaqVF7972XR4OnO8LMEV5CSzQ4QK1LVP05V2Qya2mQAaMs3fdJFxgV5Kk2qXNkDYzJN1U-CRvXZad6QboE8apk9HDEKlOK236ikRNUuBXf7J9lsEzgcHDdqv93PS9_riKhx3JtmOWxgteqRDFvBCJC6PQF10CrDmEijY1FCiDbmBCwMKtuzytnhRY6u8PPP48cA:1qLe7N:x3-oj-fvCb3k-xDbGKfqzfhkg--d6FjvT5J76zW7-v8", "expire_date": "2023-08-01T06:23:29.388Z"}}, {"model": "main.login", "pk": 14, "fields": {"email": "akshay@gmail.com", "password": "$2y$10$3/cBmurjZzBYUkaLYE.Y..skkTdBT/YVCZb51Q3yWx73xd.Eyr13e", "user_type": "jobseeker", "status": 1}}, {"model": "main.login", "pk": 18, "fields": {"email": "info@infosys.com", "password": "$2y$10$/TP7ishP6SRCroPNfWcVqO1V0mMH47X.Qsft1u/Ed9xFtmietk2ga", "user_type": "employer", "status": 0}}, {"model": "main.login", "pk": 20, "fields": {"email": "sreelal.c@live.com", "password": "$2y$10$MfycE3o6lgrM92f5sB8kPu7c38XQkT6FeL5YF3pgx/MM/Jy12xM5i", "user_type": "jobseeker", "status": 1}}, {"model": "main.login", "pk": 21, "fields": {"email": "abc@gmail.com", "password": "$2y$10$ZWYhKrFT9B9m0CaysgRy5e1XMZ/e130v0LGkqw4QpkXbJ3WIV.YYe", "user_type": "jobseeker", "status": 1}}, {"model": "main.login", "pk": 22, "fields": {"email": "jishnnuks@live.com", "password": "$2y$10$VKC/bSdNBZWJ6PrOwnJ6xezAj1aq5VioW9YjFUsjxnAJHUkZHRWBq", "user_type": "jobseeker", "status": 1}}, {"model": "main.login", "pk": 23, "fields": {"email": "info@microsoft.com", "password": "$2y$10$q.xafcSTYUoKtz2FIhrf7OX1x0weMZRzY3beiqoO2NGe0PUKJlzga", "user_type": "employer", "status": 1}}, {"model": "main.login", "pk": 24, "fields": {"email": "1dt20cs160@dsatm.edu.in", "password": "pbkdf2_sha256$390000$tU1Hyw7SQzIeXyJ9zB3xeB$S+uPOFkRVA9T+xQSXin/rcC+SGJSc4T2N5vccPki/iY=", "user_type": "candidate", "status": 1}}, {"model": "main.login", "pk": 25, "fields": {"email": "tejassp03@gmail.com", "password": "pbkdf2_sha256$390000$NIllt9FRazSUfBhmQyT1Bs$JxnkTrdjevxYAPph8Zk8RqAFnO79PNxXDUyMkhK+pfU=", "user_type": "employer", "status": 1}}, {"model": "main.login", "pk": 30, "fields": {"email": "ceo@mpower.in", "password": "pbkdf2_sha256$390000$YlNGzvPzT2YRynOpFni1ZI$nesYeUaieSXlLfuSnbJyv1CI+tJfa1NSP19BWcpaGac=", "user_type": "admin", "status": 1}}, {"model": "main.login", "pk": 31, "fields": {"email": "tejas@mpower.in", "password": "pbkdf2_sha256$390000$TcKolwQZ99Q50utMKZw7Xe$t4uAaHE/T2fuLwrqsIJL4TNZWx734hp9U5zxb769J44=", "user_type": "candidate", "status": 0}}, {"model": "main.login", "pk": 32, "fields": {"email": "sample@mpower.in", "password": "pbkdf2_sha256$390000$yJtptA9m0WOwMMa8eZXYwq$WGiU7Km05FBrC7YDcaUwV5krcMMjXRVkOjtTzRCW9mQ=", "user_type": "candidate", "status": null}}, {"model": "main.login", "pk": 33, "fields": {"email": "user123@gmail.com", "password": "pbkdf2_sha256$600000$lVtDtDaVVCO3XSeiDQ37fg$7Lwn/9uPd4TAStCJWaKBb3RWBMncOUH9o+snGSHqqUI=", "user_type": "candidate", "status": 0}}, {"model": "main.login", "pk": 34, "fields": {"email": "testuser@gmail.com", "password": "pbkdf2_sha256$600000$t7KMaHTBDWAUv57ftT126e$ZnJ1bN9L1M7rzndCZe+UpMcEjESlt+NJVwBUzu9D0VM=", "user_type": "candidate", "status": 0}}, {"model": "main.login", "pk": 35, "fields": {"email": "testuser3@gmail.com", "password": "pbkdf2_sha256$600000$niyBOm603m7nfLbRDBNXHq$IyxV3kAtNj4OGJHCqHpL7i2jltyh6ClHpJFA4UiFkoU=", "user_type": "candidate", "status": 0}}, {"model": "main.login", "pk": 36, "fields": {"email": "testuser4@gmail.com", "password": "pbkdf2_sha256$600000$AwIf1daawQbRCiREPtBriT$mGJ75LNfOEsaQvS0yY9vTHl72SnNSspccbqJigyIZns=", "user_type": "candidate", "status": 0}}, {"model": "main.login", "pk": 37, "fields": {"email": "testuser5@gmail.com", "password": "pbkdf2_sha256$600000$b5CseG7cWvildj4IfXDRWy$gSngElcD7tfPg/f19tFltJ+wABMu5ofxBmBoH9sgtx4=", "user_type": "candidate", "status": 0}}, {"model": "main.login", "pk": 38, "fields": {"email": "testuser6@gmail.com", "password": "pbkdf2_sha256$600000$1tvOwtjrJaHRDARZrSCT0r$xSfjtFd4seTEkqkLiGByZNwkaCJUyfhZYOlebV+IUww=", "user_type": "candidate", "status": 0}}, {"model": "main.login", "pk": 39, "fields": {"email": "testuser7@gmail.com", "password": "pbkdf2_sha256$600000$FCGUUTksJ4TtitKU8RtdCV$7WPCW6PF/7XeBUI8tCCrxLX2o2qvalFlfKHAPlc4mGQ=", "user_type": "candidate", "status": 0}}, {"model": "main.login", "pk": 40, "fields": {"email": "testuser8@gmail.com", "password": "pbkdf2_sha256$600000$u76Nu4L28q4uNUy7RqJswi$w4rBUtW8LySzAx9P1bzeFsp6e3f0dlZdbbQu6g0AM9w=", "user_type": "candidate", "status": 0}}, {"model": "main.login", "pk": 41, "fields": {"email": "testuser9@gmail.com", "password": "pbkdf2_sha256$600000$73559RmTdpm98OwHjdlELO$/nGBOuJbQHVchkniXBINtGuGKN84QtQlTIETJ5g6EFU=", "user_type": "candidate", "status": 0}}, {"model": "main.login", "pk": 42, "fields": {"email": "testuser10@gmail.com", "password": "pbkdf2_sha256$600000$9nrmoxkkrgT91ueMZMjMDL$aQCt/GT4F5K/XQbWEYCyD6hOGdgUkg23KntQV1hkirQ=", "user_type": "candidate", "status": 0}}, {"model": "main.login", "pk": 43, "fields": {"email": "testuser11@gmail.com", "password": "pbkdf2_sha256$600000$S8QFh3LRUAs8HLjs90G9jv$c6drI8rWQZm6/57MpUfivFR9wriMO9s+YhYZsZ5L5SQ=", "user_type": "candidate", "status": 0}}, {"model": "main.login", "pk": 44, "fields": {"email": "testuser12@gmail.com", "password": "pbkdf2_sha256$600000$rgLK5OYLQwWwP53J4pZYGA$DUjtnvwSzA9P7VbRvDFuWzI5A/Ofd4meFIpEZeRzNAw=", "user_type": "candidate", "status": 0}}, {"model": "main.login", "pk": 45, "fields": {"email": "testuser13@gmail.com", "password": "pbkdf2_sha256$600000$jDlphe4MhxOFNncL1n6FYb$FeMQs6JlnLKr7WSSVwSd1bxeFXyDdOHUiyWD2KnSHDg=", "user_type": "candidate", "status": 0}}, {"model": "main.login", "pk": 46, "fields": {"email": "testuser14@gmail.com", "password": "pbkdf2_sha256$600000$OIatnxbKCk1KIR6W5IgZyn$uQ642k1Wy2+p1Pd8cqdPSIWPI4qpmkZWFFK75BEeGqg=", "user_type": "candidate", "status": 0}}, {"model": "main.login", "pk": 47, "fields": {"email": "testuser15@gmail.com", "password": "pbkdf2_sha256$600000$yJLF9bVfPUxxvhcI5zEhIH$68fUae2U6ySKaYjlOEsq0s+w+hHjeVaFmH9nyD/tWMQ=", "user_type": "candidate", "status": 0}}, {"model": "main.login", "pk": 48, "fields": {"email": "testuser16@gmail.com", "password": "pbkdf2_sha256$600000$vN263VmDJXt2ueFQ0U8K94$Y8l0HiA3ISEkZamKs6YDB8mWfuW7qG5gspjgp/SmdF8=", "user_type": "candidate", "status": 0}}, {"model": "main.login", "pk": 49, "fields": {"email": "niriji7293@wiemei.com", "password": "pbkdf2_sha256$600000$DJosqDn5OLk7zzHngMBt9a$2TreVQikpwuzZ+1mj3trq7g7c8qCCspGJTAIUIG37XA=", "user_type": "candidate", "status": 0}}, {"model": "main.login", "pk": 50, "fields": {"email": "falot13849@sportrid.com", "password": "pbkdf2_sha256$600000$XEftjjji2P0X59eSHcWVHB$8x7upJtin1siJy926QtPHOeQPGvbNv2T/7Fcx+F1/J0=", "user_type": "candidate", "status": 0}}, {"model": "main.login", "pk": 51, "fields": {"email": "kogame2533@quipas.com", "password": "pbkdf2_sha256$600000$9024vEoGHGsp9XXzzCuAM9$r1Gv5d7xTIDPYGSfo3b5KUYxn4tXxnNWnOogzjlIXMg=", "user_type": "candidate", "status": 0}}, {"model": "main.login", "pk": 52, "fields": {"email": "nebow90234@wiemei.com", "password": "pbkdf2_sha256$600000$ltBgTbsCCIEWNNLNssvb7n$ILNYEq82Q3mPupUB9WWpkQRycgRtK7ZKhmnZ43tnbwU=", "user_type": "candidate", "status": 0}}, {"model": "main.login", "pk": 53, "fields": {"email": "fidowar440@quipas.com", "password": "pbkdf2_sha256$600000$IsONyt7qmB2LWvbNI25VXn$wSjOeTO36f/+U3I8UXZf/y2ueYTzg9g3gfacMfmMNnU=", "user_type": "candidate", "status": 0}}, {"model": "main.login", "pk": 54, "fields": {"email": "bavigak479@sportrid.com", "password": "pbkdf2_sha256$600000$HkJFSwlmIfy1SiwsZKxOMP$mPmDTAC7+iviwIaX0ku5KzPii0ycw4/ZT91t3t4g/3c=", "user_type": "candidate", "status": 0}}, {"model": "main.login", "pk": 55, "fields": {"email": "vejec89354@weizixu.com", "password": "pbkdf2_sha256$600000$viF2CatdHSkx3wxU7FmkiQ$DKiq2g1fOwMdydo8fGYPRphpJc+eJw4SbBpqu/7szJs=", "user_type": "candidate", "status": 0}}, {"model": "main.login", "pk": 56, "fields": {"email": "wexafe2296@weizixu.com", "password": "pbkdf2_sha256$600000$eQNggrLM3nzfLTF7KuIJVl$40yVvj40MBT+rtSShZlqHwCUoB6yqcBLdn6LonZXXNU=", "user_type": "candidate", "status": 0}}, {"model": "main.login", "pk": 57, "fields": {"email": "litodi1380@sportrid.com", "password": "pbkdf2_sha256$600000$0mM33646UsQY8PDTpT50iZ$KXjkL70Jh1nLHmuPBb1f2ny0fLDlnNdI9NZMkEql6qQ=", "user_type": "candidate", "status": 0}}, {"model": "main.login", "pk": 58, "fields": {"email": "sefoxak368@sportrid.com", "password": "pbkdf2_sha256$600000$SoH1OoWnbzkp1abcX5QyW8$HhiX1Cfwj8XBojhXRynZoYrukcAn0GMHDKHc3FfIs6w=", "user_type": "candidate", "status": 0}}, {"model": "main.login", "pk": 59, "fields": {"email": "xinarox357@sportrid.com", "password": "pbkdf2_sha256$600000$b7PKU2FNVdJt55eqju67Af$eaiSArklBlg9BWMpRMDKbeni3T9czBS/JdQ+aMyhukg=", "user_type": "candidate", "status": 0}}, {"model": "main.login", "pk": 60, "fields": {"email": "dixege7617@sportrid.com", "password": "pbkdf2_sha256$600000$TZUzNBU6fosEGjhU0nIV9E$XoIO1D2EyYCwHqRQmh4m6yselOh8DY4xrf0wc2jvT94=", "user_type": "employer", "status": 0}}, {"model": "main.login", "pk": 61, "fields": {"email": "nocis48480@sportrid.com", "password": "pbkdf2_sha256$600000$Qwzc6ORucO2ZrswYp4IqDY$X77KGQLNk0+IkGKlfrGJSBQoIKAKpIpZvM4f/nhIy38=", "user_type": "employer", "status": 0}}, {"model": "main.login", "pk": 62, "fields": {"email": "fayocep994@weizixu.com", "password": "pbkdf2_sha256$600000$cP3PVWD559dUUciLzFT2Uu$G6TFZpB2LAU+t7aK4S4xetu+3TJq3bq+iX/BOvvdNvw=", "user_type": "employer", "status": 0}}, {"model": "main.login", "pk": 63, "fields": {"email": "sidepo8272@sportrid.com", "password": "pbkdf2_sha256$600000$IErnG12sH386PlLyOsaFBM$fR0Yg2gasP5rUB5nXCZnmGROeXUPtfycU1JSdGWrlMw=", "user_type": "employer", "status": 0}}, {"model": "main.login", "pk": 64, "fields": {"email": "regona5329@weizixu.com", "password": "pbkdf2_sha256$600000$uVSwB2kenSZbN3Fi5Erund$V6455KSdQcsyGlphp5IQqchkG6SZJvx4qvarHD7EMRA=", "user_type": "candidate", "status": 0}}, {"model": "main.login", "pk": 65, "fields": {"email": "jagasif238@wiemei.com", "password": "pbkdf2_sha256$600000$M3faFI3lznL4MgV3Goh6ML$r233G/BZ7wQ2WVzjITifgi6ybkvUgpwgFKN5Rh8R8Rk=", "user_type": "employer", "status": 0}}, {"model": "main.login", "pk": 66, "fields": {"email": "pirox51718@wiemei.com", "password": "pbkdf2_sha256$600000$e80piX8h3dsmHpEQXRiCm2$fcsZScafEnc2gjNzvJU7o4mu0wEoloGyWNtrhuBtSb8=", "user_type": "employer", "status": 0}}, {"model": "main.login", "pk": 67, "fields": {"email": "nakide9076@weishu8.com", "password": "pbkdf2_sha256$600000$IKfMITSezkQ9DY2Y0t4xKt$X4zIovm9+z5WPmRzR0Ib+FjEZdFHuSbW1Lu9MjQr5M4=", "user_type": "candidate", "status": 0}}, {"model": "main.login", "pk": 68, "fields": {"email": "texeh41711@weishu8.com", "password": "pbkdf2_sha256$600000$tUofWBtDAgW2gb0agSIt5l$/JjC/1nXcsKC8Q2RX/plEs2xVpAJManWhihC3+zxsTQ=", "user_type": "candidate", "status": 0}}, {"model": "main.login", "pk": 69, "fields": {"email": "limoxel841@v1zw.com", "password": "pbkdf2_sha256$600000$D9QMurGtjJlSdiT22e5rv0$JPl0yNfMFW0ikcgRbC9DKvSPj0TN+QUgHwwJYsGPwyU=", "user_type": "candidate", "status": 0}}, {"model": "main.login", "pk": 70, "fields": {"email": "wamahof465@v1zw.com", "password": "pbkdf2_sha256$600000$C31LPIu3B7HN7iJGBL7DT8$bRANNh+exzd3lZVbIz8tI40FaAXNtH8fl9/Of2lA9zo=", "user_type": "candidate", "status": 1}}, {"model": "main.login", "pk": 71, "fields": {"email": "testuser40@gmail.com", "password": "pbkdf2_sha256$600000$r4eKNoSizBy5ZAMmFimCkH$Fd3gMCpwjZT+8acKw992qH2ZfLAruTAwgzs6hM00gag=", "user_type": "candidate", "status": 0}}, {"model": "main.login", "pk": 72, "fields": {"email": "jai48@gmail.com", "password": "pbkdf2_sha256$600000$aWalCU3UgYCyzP8jNEdEoW$6x0jDDXtRUjsFfzFHDwRPrHntKPMfNGCw0gcSwsMK2k=", "user_type": "admin", "status": 0}}, {"model": "main.jobseeker", "pk": 81570264, "fields": {"log_id": 67, "name": "NewUser", "phone": "+911111111111", "location": "123,xyz", "experience": "1", "skills": "Angular JS / Node Js,C / C++,MySQL / Database,PHP,Python,", "basic_edu": "Bachelor of Engineering (BE)", "master_edu": "Master of Technology (M.Tech)", "other_qual": "Bachelor of Technology (B.Tech)", "cursal": 50000, "expsal": 400000, "dob": "2000-02-02", "Resume": "resumes/67_NewUser_Resume_AdityaVyasResume.__1.pdf", "photo": "photos/67_NewUser_Photo_6BF937FD-41E9-4095-A19E-8B53A5E516F8_1_105_c-fotor-2023062421402_10.png", "notice_period": "15 Week", "role": "Web Developer"}}, {"model": "main.jobseeker", "pk": 165026623, "fields": {"log_id": 52, "name": "testuser21", "phone": "+917777777777", "location": "123,xyz", "experience": "0", "skills": "PHP,", "basic_edu": "Bachelor of Arts (BA)", "master_edu": "Bachelor of Engineering (BE)", "other_qual": "Bachelor of Technology (B.Tech)", "cursal": 0, "expsal": 1, "dob": "2000-02-02", "Resume": "resumes/52_testuser21_Resume_AdityaVyasResume._.pdf", "photo": "", "notice_period": "2 Month", "role": null}}, {"model": "main.jobseeker", "pk": 237615633, "fields": {"log_id": 37, "name": "testuser5", "phone": "+915555555555", "location": "123,xyz", "experience": "0", "skills": "App Development(iOS,Android,Windows),", "basic_edu": "Bachelor of Business Administration (BBA)", "master_edu": "Bachelor of Business Administration (BBA)", "other_qual": "Bachelor of Technology (B.Tech)", "cursal": 0, "expsal": 180, "dob": "2004-04-23", "Resume": "resumes/237615633_testuser5_Resume_AdityaVyasResume._.pdf", "photo": "", "notice_period": "4 Month", "role": null}}, {"model": "main.jobseeker", "pk": 268576603, "fields": {"log_id": 31, "name": "tejas", "phone": "+917894561233", "location": "#36, 2nd floor, 4th cross, Kanaka Layout", "experience": "0", "skills": "Angular JS / Node Js,C / C++,Java / J2EE,", "basic_edu": "Bachelor of Engineering (BE)", "master_edu": "Bachelor of Technology (B.Tech)", "other_qual": "Bachelor of Business Administration (BBA)", "cursal": 300000, "expsal": 1000000, "dob": "1998-03-03", "Resume": "resumes/31_tejas_Resume_Tejas_S_P_Resume.pdf", "photo": "", "notice_period": null, "role": null}}, {"model": "main.jobseeker", "pk": 309791485, "fields": {"log_id": 24, "name": "Tejas SP", "phone": "+917892210440", "location": "#1980, 3rd floor, BSK 3rd Stage,", "experience": "0", "skills": "C / C++,Python,", "basic_edu": "Bachelor of Technology (B.Tech)", "master_edu": null, "other_qual": null, "cursal": 250000, "expsal": 600000, "dob": "2003-03-03", "Resume": "resumes/24_Tejas_SP_Resume_Bhaviks_Resume_W86cWv5.pdf", "photo": "", "notice_period": null, "role": null}}, {"model": "main.jobseeker", "pk": 373315377, "fields": {"log_id": 70, "name": "joseph", "phone": "+915555555555", "location": "Jaipur", "experience": "0", "skills": "Angular JS / Node Js,C / C++,MySQL / Database,Django,PHP,Python,CSS,HTML,", "basic_edu": "Bachelor of Technology (B.Tech)", "master_edu": "Master of Technology (M.Tech)", "other_qual": "Bachelor of Engineering (BE)", "cursal": 0, "expsal": 1, "dob": "2000-02-02", "Resume": "resumes/70_joseph_Resume_AdityaVyasResume.__1.pdf", "photo": "photos/70_joseph_Photo_favicon.ico", "notice_period": "15 Week", "role": "Web Developer"}}, {"model": "main.jobseeker", "pk": 379358397, "fields": {"log_id": 53, "name": "Aditya", "phone": "+917777777777", "location": "123,xyz", "experience": "0", "skills": "PHP,", "basic_edu": "Bachelor of Business Administration (BBA)", "master_edu": "Bachelor of Business Administration (BBA)", "other_qual": "Bachelor of Technology (B.Tech)", "cursal": 0, "expsal": 1, "dob": "2000-02-02", "Resume": "resumes/53_Aditya_Resume_AdityaVyasResume._.pdf", "photo": "", "notice_period": "2 Month", "role": null}}, {"model": "main.jobseeker", "pk": 395157575, "fields": {"log_id": 50, "name": "testuser19", "phone": "+917777777777", "location": "123,xyz", "experience": "0", "skills": "PHP,", "basic_edu": "Bachelor of Commerce (BCom)", "master_edu": "Bachelor of Arts (BA)", "other_qual": "Bachelor of Medicine, Bachelor of Surgery (MBBS)", "cursal": 0, "expsal": 1, "dob": "2000-02-02", "Resume": "resumes/50_testuser19_Resume_AdityaVyasResume._.pdf", "photo": "", "notice_period": "2 Month", "role": null}}, {"model": "main.jobseeker", "pk": 435001728, "fields": {"log_id": 42, "name": "testuser10", "phone": "+917777777777", "location": "123,xyz", "experience": "1", "skills": "App Development(iOS,Android,Windows),", "basic_edu": "Bachelor of Engineering (BE)", "master_edu": "Bachelor of Commerce (BCom)", "other_qual": "Bachelor of Arts (BA)", "cursal": 0, "expsal": 1, "dob": "2000-02-20", "Resume": "resumes/42_testuser10_Resume_AdityaVyasResume.__LQ9NclK.pdf", "photo": "", "notice_period": "2 Month", "role": null}}, {"model": "main.jobseeker", "pk": 450211284, "fields": {"log_id": 71, "name": "TestUser", "phone": "+910000000000", "location": "Jaipur", "experience": "0", "skills": "C / C++,MySQL / Database,Django,PHP,Python,", "basic_edu": "Bachelor of Technology (B.Tech)", "master_edu": "Master of Technology (M.Tech)", "other_qual": "Bachelor of Engineering (BE)", "cursal": 0, "expsal": 1, "dob": "2000-02-02", "Resume": "resumes/71_TestUser_Resume_AdityaVyasResume.__1.pdf", "photo": "photos/71_TestUser_Photo_IMG_20230630_133025_vnkw0j2.jpg", "notice_period": "15 Week", "role": "Web Developer"}}, {"model": "main.jobseeker", "pk": 464175163, "fields": {"log_id": 34, "name": "testuser", "phone": "+911111111111", "location": "123,xyz", "experience": "0", "skills": "Angular JS / Node Js,C / C++,", "basic_edu": "Bachelor of Arts (BA)", "master_edu": "Bachelor of Commerce (BCom)", "other_qual": "Bachelor of Engineering (BE)", "cursal": 0, "expsal": 1000000, "dob": "2001-03-30", "Resume": "resumes/34_testuser_Resume_AdityaVyasResume._.pdf", "photo": "", "notice_period": null, "role": null}}, {"model": "main.jobseeker", "pk": 503284360, "fields": {"log_id": 57, "name": "testuser24", "phone": "+917777777777", "location": "123,xyz", "experience": "1", "skills": "PHP,Acrobat,", "basic_edu": "Bachelor of Technology (B.Tech)", "master_edu": "Master of Technology (M.Tech)", "other_qual": "Bachelor of Engineering (BE)", "cursal": 0, "expsal": 500000, "dob": "2000-02-02", "Resume": "resumes/57_testuser24_Resume_39_testuser7_Resume_AdityaVyasResume._.pdf", "photo": "", "notice_period": "15 Week", "role": null}}, {"model": "main.jobseeker", "pk": 567825742, "fields": {"log_id": 51, "name": "testuser20", "phone": "+917777777777", "location": "123,xyz", "experience": "1", "skills": "PHP,", "basic_edu": "Bachelor of Science (BSc)", "master_edu": "Bachelor of Business Administration (BBA)", "other_qual": "Bachelor of Engineering (BE)", "cursal": 0, "expsal": 1, "dob": "2000-02-20", "Resume": "resumes/51_testuser20_Resume_AdityaVyasResume.__Zw6k4hf.pdf", "photo": "", "notice_period": "1 Month", "role": null}}, {"model": "main.jobseeker", "pk": 603839799, "fields": {"log_id": 69, "name": "Always", "phone": "+914444444444", "location": "Bengaluru", "experience": "0", "skills": "Angular JS / Node Js,C / C++,MySQL / Database,PHP,", "basic_edu": "Bachelor of Technology (B.Tech)", "master_edu": "Master of Technology (M.Tech)", "other_qual": "Bachelor of Engineering (BE)", "cursal": 0, "expsal": 1, "dob": "2000-02-20", "Resume": "resumes/69_Always_Resume_AdityaVyasResume.__1.pdf", "photo": "photos/69_Always_Photo_Screenshot_2023-07-27_at_6.25.28_PM-removebg-preview.png", "notice_period": "15 Week", "role": "Front-end Developer"}}, {"model": "main.jobseeker", "pk": 604117780, "fields": {"log_id": 40, "name": "testuser8", "phone": "+913333333333", "location": "123,xyz", "experience": "0", "skills": "App Development(iOS,Android,Windows),C / C++,", "basic_edu": "Bachelor of Engineering (BE)", "master_edu": "Bachelor of Arts (BA)", "other_qual": "Bachelor of Engineering (BE)", "cursal": 0, "expsal": 11, "dob": "2000-01-10", "Resume": "resumes/40_testuser8_Resume_AdityaVyasResume._.pdf", "photo": "", "notice_period": "2 Month", "role": null}}, {"model": "main.jobseeker", "pk": 606572057, "fields": {"log_id": 44, "name": "testuser12", "phone": "+917777777777", "location": "123,xyz", "experience": "2", "skills": "App Development(iOS,Android,Windows),", "basic_edu": "Bachelor of Business Administration (BBA)", "master_edu": "Bachelor of Engineering (BE)", "other_qual": "Bachelor of Business Administration (BBA)", "cursal": 0, "expsal": 1, "dob": "2000-02-02", "Resume": "resumes/44_testuser12_Resume_AdityaVyasResume.__6iVeE9W.pdf", "photo": "", "notice_period": "2 Week", "role": null}}, {"model": "main.jobseeker", "pk": 672634308, "fields": {"log_id": 48, "name": "testuser16", "phone": "+917777777777", "location": "123,xyz", "experience": "0", "skills": "PHP,", "basic_edu": "Bachelor of Arts (BA)", "master_edu": "Bachelor of Science (BSc)", "other_qual": "Bachelor of Engineering (BE)", "cursal": 0, "expsal": 1, "dob": "2000-02-20", "Resume": "resumes/48_testuser16_Resume_AdityaVyasResume._.pdf", "photo": "", "notice_period": "2 Week", "role": null}}, {"model": "main.jobseeker", "pk": 673070026, "fields": {"log_id": 46, "name": "testuser14", "phone": "+917777777777", "location": "123,xyz", "experience": "0", "skills": "PHP,", "basic_edu": "Bachelor of Engineering (BE)", "master_edu": "Bachelor of Commerce (BCom)", "other_qual": "Bachelor of Commerce (BCom)", "cursal": 0, "expsal": 1, "dob": "2000-02-02", "Resume": "resumes/46_testuser14_Resume_AdityaVyasResume.__qdfD9cy.pdf", "photo": "", "notice_period": "2 Month", "role": null}}, {"model": "main.jobseeker", "pk": 710946856, "fields": {"log_id": 38, "name": "testuser6", "phone": "+910000000000", "location": "123,xyz", "experience": "2", "skills": "App Development(iOS,Android,Windows),", "basic_edu": "Bachelor of Engineering (BE)", "master_edu": "Bachelor of Engineering (BE)", "other_qual": "Bachelor of Engineering (BE)", "cursal": 0, "expsal": 1, "dob": "2003-03-30", "Resume": "resumes/38_testuser6_Resume_AdityaVyasResume.__ku3KXPr.pdf", "photo": "", "notice_period": "1 Month", "role": null}}, {"model": "main.jobseeker", "pk": 712589075, "fields": {"log_id": 56, "name": "testuser23", "phone": "+917777777777", "location": "123,xyz", "experience": "0", "skills": "MySQL / Database,PHP,", "basic_edu": "Bachelor of Technology (B.Tech)", "master_edu": "Master of Technology (M.Tech)", "other_qual": "Bachelor of Technology (B.Tech)", "cursal": 0, "expsal": 6000000, "dob": "2000-02-02", "Resume": "resumes/56_testuser23_Resume_55_Aditya_Resume_AdityaVyasResume._.pdf", "photo": "", "notice_period": "15 Week", "role": null}}, {"model": "main.jobseeker", "pk": 720061200, "fields": {"log_id": 33, "name": "user123", "phone": "+911111111111", "location": "123,xyz", "experience": "0", "skills": "Angular JS / Node Js,C / C++,,php,CSS", "basic_edu": "Bachelor of Science (BSc)", "master_edu": "Bachelor of Science (BSc)", "other_qual": "Bachelor of Arts (BA)", "cursal": 0, "expsal": 1000000, "dob": "2000-10-01", "Resume": "resumes/33_user123_Resume_AdityaVyasResume.__CFCXr5k.pdf", "photo": "", "notice_period": null, "role": null}}, {"model": "main.jobseeker", "pk": 731095221, "fields": {"log_id": 39, "name": "testuser7", "phone": "+919999999999", "location": "123,xyz", "experience": "1", "skills": "Networking / CCNA,c#,Big Data / Hadoop,Cloud Computing,", "basic_edu": "Bachelor of Science (BSc)", "master_edu": "Bachelor of Business Administration (BBA)", "other_qual": "Bachelor of Business Administration (BBA)", "cursal": 0, "expsal": 1, "dob": "2000-01-10", "Resume": "resumes/39_testuser7_Resume_AdityaVyasResume._.pdf", "photo": "", "notice_period": "34 Month", "role": null}}, {"model": "main.jobseeker", "pk": 762552912, "fields": {"log_id": 54, "name": "Aditya", "phone": "+917777777777", "location": "123,xyz", "experience": "2", "skills": "PHP,", "basic_edu": "Bachelor of Science (BSc)", "master_edu": "Bachelor of Arts (BA)", "other_qual": "Bachelor of Engineering (BE)", "cursal": 0, "expsal": 1, "dob": "2000-02-02", "Resume": "resumes/54_Aditya_Resume_AdityaVyasResume._.pdf", "photo": "", "notice_period": "1 Week", "role": null}}, {"model": "main.jobseeker", "pk": 794246454, "fields": {"log_id": 47, "name": "testuser15", "phone": "+917777777777", "location": "123,xyz", "experience": "0", "skills": "PHP,", "basic_edu": "Bachelor of Science (BSc)", "master_edu": "Bachelor of Business Administration (BBA)", "other_qual": "Bachelor of Engineering (BE)", "cursal": 0, "expsal": 1, "dob": "2000-02-02", "Resume": "resumes/47_testuser15_Resume_AdityaVyasResume._.pdf", "photo": "", "notice_period": "2 Month", "role": null}}, {"model": "main.jobseeker", "pk": 819924985, "fields": {"log_id": 45, "name": "testuser13", "phone": "+917777777777", "location": "123,xyz", "experience": "0", "skills": "App Development(iOS,Android,Windows),", "basic_edu": "Bachelor of Arts (BA)", "master_edu": "Bachelor of Commerce (BCom)", "other_qual": "Bachelor of Technology (B.Tech)", "cursal": 0, "expsal": 1, "dob": "2000-02-20", "Resume": "resumes/45_testuser13_Resume_AdityaVyasResume._.pdf", "photo": "", "notice_period": "2 Week", "role": null}}, {"model": "main.jobseeker", "pk": 823140842, "fields": {"log_id": 58, "name": "Aditya", "phone": "+917777777777", "location": "123,xyz", "experience": "0", "skills": "C / C++,Python,", "basic_edu": "Bachelor of Technology (B.Tech)", "master_edu": "Master of Technology (M.Tech)", "other_qual": "Bachelor of Engineering (BE)", "cursal": 0, "expsal": 500000, "dob": "2000-02-02", "Resume": "resumes/58_Aditya_Resume_57_testuser24_Resume_39_testuser7_Resume_AdityaVyasResume._.pdf", "photo": "", "notice_period": "15 Week", "role": null}}, {"model": "main.jobseeker", "pk": 824712288, "fields": {"log_id": 68, "name": "Never", "phone": "+913333333333", "location": "123,xyz", "experience": "0", "skills": "Angular JS / Node Js,MySQL / Database,PHP,Bookkeeping through Excel or TurboTax,CSS,HTML,Javascript,", "basic_edu": "Bachelor of Engineering (BE)", "master_edu": "Master of Technology (M.Tech)", "other_qual": "Bachelor of Technology (B.Tech)", "cursal": 0, "expsal": 100000, "dob": "2000-02-02", "Resume": "resumes/68_Never_Resume_AdityaVyasResume.__1.pdf", "photo": "", "notice_period": "15 Week", "role": "Front-end Developer"}}, {"model": "main.jobseeker", "pk": 856298255, "fields": {"log_id": 55, "name": "Aditya", "phone": "+917777777777", "location": "123,xyz", "experience": "0", "skills": "PHP,", "basic_edu": "Bachelor of Science (BSc)", "master_edu": "Bachelor of Arts (BA)", "other_qual": "Bachelor of Technology (B.Tech)", "cursal": 0, "expsal": 1, "dob": "2000-02-02", "Resume": "resumes/55_Aditya_Resume_AdityaVyasResume._.pdf", "photo": "", "notice_period": "1 Month", "role": null}}, {"model": "main.jobseeker", "pk": 858532288, "fields": {"log_id": 59, "name": "testuser24", "phone": "+917777777777", "location": "India,Karnataka,Bengaluru", "experience": "1", "skills": "C / C++,MongoDB,Django,", "basic_edu": "Bachelor of Technology (B.Tech)", "master_edu": "Master of Technology (M.Tech)", "other_qual": "Bachelor of Engineering (BE)", "cursal": 0, "expsal": 500000, "dob": "2000-02-02", "Resume": "resumes/59_testuser24_Resume_58_Aditya_Resume_57_testuser24_Resume_39_testuser7_Resume_A_lRTuweg.pdf", "photo": "", "notice_period": "15 Week", "role": "Web Developer"}}, {"model": "main.jobseeker", "pk": 858846653, "fields": {"log_id": 41, "name": "testuser9", "phone": "+917777777777", "location": "123,xyz", "experience": "1", "skills": "Angular JS / Node Js,", "basic_edu": "Bachelor of Science (BSc)", "master_edu": "Bachelor of Technology (B.Tech)", "other_qual": "Bachelor of Business Administration (BBA)", "cursal": 0, "expsal": 1, "dob": "2000-02-20", "Resume": "resumes/41_testuser9_Resume_AdityaVyasResume.__hfgGoWT.pdf", "photo": "", "notice_period": "3 Month", "role": null}}, {"model": "main.jobseeker", "pk": 860445751, "fields": {"log_id": 35, "name": "testuser3", "phone": "+914444444444", "location": "123,xyz", "experience": "3", "skills": "C / C++,", "basic_edu": "Bachelor of Engineering (BE)", "master_edu": "Bachelor of Engineering (BE)", "other_qual": "Bachelor of Engineering (BE)", "cursal": 0, "expsal": 1, "dob": "2000-10-01", "Resume": "resumes/35_testuser3_Resume_AdityaVyasResume._.pdf", "photo": "", "notice_period": null, "role": null}}, {"model": "main.jobseeker", "pk": 948142271, "fields": {"log_id": 43, "name": "testuser11", "phone": "+917777777777", "location": "123,xyz", "experience": "1", "skills": "Angular JS / Node Js,", "basic_edu": "Bachelor of Business Administration (BBA)", "master_edu": "Bachelor of Engineering (BE)", "other_qual": "Bachelor of Commerce (BCom)", "cursal": 0, "expsal": 1, "dob": "2000-02-20", "Resume": "resumes/43_testuser11_Resume_AdityaVyasResume._.pdf", "photo": "", "notice_period": "2 Week", "role": null}}, {"model": "main.jobseeker", "pk": 969454803, "fields": {"log_id": 49, "name": "Aditya Vyas", "phone": "+917777777777", "location": "123,xyz", "experience": "0", "skills": "App Development(iOS,Android,Windows),", "basic_edu": "Bachelor of Commerce (BCom)", "master_edu": "Bachelor of Science (BSc)", "other_qual": "Bachelor of Engineering (BE)", "cursal": 0, "expsal": 1, "dob": "2000-02-02", "Resume": "resumes/49_Aditya_Vyas_Resume_AdityaVyasResume.__9B0P10j.pdf", "photo": "", "notice_period": "2 Month", "role": null}}, {"model": "main.jobseeker", "pk": 986316475, "fields": {"log_id": 64, "name": "Fly high", "phone": "+917777777777", "location": "bengaluru", "experience": "0", "skills": "MySQL / Database,PHP,CSS,HTML,Javascript,", "basic_edu": "Bachelor of Engineering (BE)", "master_edu": "Master of Technology (M.Tech)", "other_qual": "Bachelor of Technology (B.Tech)", "cursal": 0, "expsal": 500000, "dob": "2000-02-02", "Resume": "resumes/64_Fly_high_Resume_AdityaVyasResume.__1.pdf", "photo": "", "notice_period": "15 Week", "role": "Front-end Developer"}}, {"model": "main.employer", "pk": 1, "fields": {"log_id": 18, "ename": "Infosys Pvt Ltd", "etype": "Company", "industry": "Software Services", "address": "Infosys,\r\nIT Zone,\r\n4 - BE,\r\nBangalore", "pincode": "458796", "executive": "Ajith", "phone": "9145512345", "location": "India,Karnataka,Bengaluru", "profile": "Infosys is a global leader in consulting, technology, and outsourcing and next-generation services. We enable clients in more than 50 countries to outperform the competition and stay ahead of the innovation curve.", "logo": "Infosys Pvt Ltd1.jpg", "website": null, "yearfounded": null, "size": null, "city": null, "fblink": null, "twlink": null, "inlink": null, "lnlink": null, "cover": "", "about": null}}, {"model": "main.employer", "pk": 2, "fields": {"log_id": 23, "ename": "Microsoft", "etype": "Company", "industry": "Software Services", "address": "Microsoft, Bangalore, Karnataka", "pincode": "456987", "executive": "Arun", "phone": "78945612332", "location": "India,Karnataka,Bommasandra", "profile": null, "logo": "", "website": null, "yearfounded": null, "size": null, "city": null, "fblink": null, "twlink": null, "inlink": null, "lnlink": null, "cover": "", "about": null}}, {"model": "main.employer", "pk": 195855682, "fields": {"log_id": 60, "ename": "New solutions", "etype": "Private Limited Companies", "industry": "Engineering & Construction", "address": "jaipur", "pincode": "302005", "executive": "xyz", "phone": "+917777777777", "location": "jaipur", "profile": "Building future.", "logo": "images/company-logo-4.png", "website": null, "yearfounded": null, "size": null, "city": null, "fblink": null, "twlink": null, "inlink": null, "lnlink": null, "cover": "", "about": "Not Specified"}}, {"model": "main.employer", "pk": 244046007, "fields": {"log_id": 63, "ename": "Adidas", "etype": "Public Limited Companies", "industry": "Energy", "address": "Hyderabad", "pincode": "460000", "executive": "Adarsh", "phone": "+917777777777", "location": "Hyderabad", "profile": "Advancement", "logo": "", "website": null, "yearfounded": null, "size": null, "city": null, "fblink": null, "twlink": null, "inlink": null, "lnlink": null, "cover": "", "about": "Not Specified"}}, {"model": "main.employer", "pk": 465937626, "fields": {"log_id": 62, "ename": "Nike", "etype": "Private Limited Companies", "industry": "Engineering & Construction", "address": "123,crystle park", "pincode": "400000", "executive": "Rohit", "phone": "+917777777777", "location": "Mumbai", "profile": "Awesome new", "logo": "", "website": null, "yearfounded": null, "size": null, "city": null, "fblink": null, "twlink": null, "inlink": null, "lnlink": null, "cover": "", "about": "Not Specified"}}, {"model": "main.employer", "pk": 561320412, "fields": {"log_id": 61, "ename": "Jack solutions", "etype": "Public Limited Companies", "industry": "Engineering & Construction", "address": "123,xyz", "pincode": "302005", "executive": "Jack jacob", "phone": "+917777777777", "location": "Delhi", "profile": "Company", "logo": "logos/61_Jack_solutions_Logo_jack.png", "website": null, "yearfounded": null, "size": null, "city": null, "fblink": null, "twlink": null, "inlink": null, "lnlink": null, "cover": "", "about": "Not Specified"}}, {"model": "main.employer", "pk": 690818567, "fields": {"log_id": 65, "ename": "fly high", "etype": "Private Limited Companies", "industry": "Engineering & Construction", "address": "W.B", "pincode": "456789", "executive": "Raghav", "phone": "+917777777777", "location": "W.B", "profile": "sdf", "logo": "logos/65_fly_high_Logo_company-logo-4.png", "website": null, "yearfounded": null, "size": null, "city": null, "fblink": null, "twlink": null, "inlink": null, "lnlink": null, "cover": "", "about": "Not Specified"}}, {"model": "main.employer", "pk": 788024608, "fields": {"log_id": 25, "ename": "Tejas SP", "etype": "Partnership", "industry": "Technology", "address": "#1980, 3rd floor, BSK 3rd Stage,", "pincode": "560070", "executive": "Tejas Solutions", "phone": "+917892210440", "location": "Bengaluru", "profile": "I am the CEO of the company", "logo": "", "website": null, "yearfounded": null, "size": null, "city": null, "fblink": null, "twlink": null, "inlink": null, "lnlink": null, "cover": "", "about": "Not Specified"}}, {"model": "main.employer", "pk": 833965419, "fields": {"log_id": 66, "ename": "Nego Pvt. Ltd.", "etype": "Limited Liability Partnership", "industry": "Business Services", "address": "23, WTC", "pincode": "560000", "executive": "Mr. Paul", "phone": "+917777777777", "location": "Bengaluru", "profile": "Software Solutions.", "logo": "logos/66_Nego_Pvt._Ltd._Logo_company-logo-5.png", "website": "", "yearfounded": "", "size": "1", "city": "", "fblink": "", "twlink": "", "inlink": "", "lnlink": "", "cover": "cover/833965419_Nego_Pvt._Ltd._Cover_Screenshot_2023-07-27_at_6.25.28_PM-removebg-preview.png", "about": "Not Specified"}}, {"model": "main.admin", "pk": 29204354, "fields": {"log_id": 30, "aname": "Aravinda", "arole": "CEO", "phone": "7894561232", "email": "ceo@mpower.in"}}, {"model": "main.admin", "pk": 542764094, "fields": {"log_id": 72, "aname": "Jai", "arole": "HR", "phone": "7777777777", "email": "jai48@gmail.com"}}, {"model": "main.jobs", "pk": 1, "fields": {"eid": 2, "title": "Network Administrator", "jobdesc": "Consulting with clients to specify system requirements and design solutions\nBudgeting for equipment and assembly costs\nAssembling new systems\nMaintaining existing software and hardware and upgrading any that have become obsolete\nWorking in tandem with IT support personnel\nProviding network administration and support", "vacno": 3, "experience": "7", "basicpay": "1000000", "fnarea": "Marketing & Communication", "location": "India,Karnataka,Bengaluru", "industry": "Software Services", "ugqual": "B.Tech/B.E.", "pgqual": "M.Tech", "profile": "Patience,\r\nTechnical skills.\r\nIT skills,\r\nInterpersonal skills,\r\nEnthusiasm,\r\nTeamworking skills,\r\nInitiative,\r\nCommitment to quality,\r\nAttention to detail.", "postdate": "2023-06-15T00:00:00Z", "jobtype": "", "skills": "php,mysql", "notice_period": "15 Week", "responsibilities": "dsgsdg,dfg,dgdfg,fdg", "requirements": "btech", "num_of_visits": 663, "status": 3, "suggestions": "[[603839799, 51.78], [858532288, 51.78], [986316475, 51.78], [81570264, 51.13], [373315377, 51.13], [450211284, 51.13], [824712288, 51.13], [503284360, 50.46], [567825742, 45.92], [794246454, 45.92], [379358397, 43.84], [395157575, 43.72], [672634308, 43.72], [673070026, 43.72], [762552912, 43.72], [720061200, 43.57], [165026623, 41.92], [856298255, 41.92], [823140842, 39.78], [712589075, 39.55]]"}}, {"model": "main.jobs", "pk": 3, "fields": {"eid": 1, "title": "Software Engineer", "jobdesc": "The focus of this position is the design and development of the core V-PIL services infrastructure, including custom automation software, job schedulers, data analysis, data visualization, and web development.", "vacno": 3, "experience": "5", "basicpay": "1000000", "fnarea": "Network Virtualizing", "location": "India,Karnataka,Bengaluru", "industry": "Software Services", "ugqual": "B.Tech/B.E.", "pgqual": "M.Tech", "profile": "Strong ability in JavaScript.\r\nStrong ability in database design.\r\nExperience developing and executing performance test suites.\r\nStrong test suite development, execution and automation experience.\r\nFamiliarity with Jenkins and knowledge of existing cloud test suites, including Tempest and Rally.\r\nExperience with continuous integration practices.\r\nExperience with Juju, Charms and MAAS.", "postdate": "2015-04-16T00:00:00Z", "jobtype": "", "skills": "php,mysql", "notice_period": "20", "responsibilities": "dfgdfgdfg,dgd,fgdfgd,", "requirements": "btech", "num_of_visits": 69, "status": 3, "suggestions": "[[720061200, 42.64], [395157575, 42.46], [379358397, 41.88], [856298255, 41.88], [603839799, 41.07], [165026623, 40.66], [567825742, 40.66], [672634308, 40.66], [673070026, 40.66], [762552912, 40.66], [794246454, 40.66], [81570264, 40.65], [373315377, 40.65], [450211284, 40.65], [858532288, 40.65], [986316475, 40.64], [824712288, 40.21], [503284360, 39.78], [268576603, 34.66], [731095221, 34.12]]"}}, {"model": "main.jobs", "pk": 4, "fields": {"eid": 1, "title": "Web Developer", "jobdesc": "Development of interactive websites at microfost", "vacno": 5, "experience": "3", "basicpay": "600000", "fnarea": "Web Development", "location": "India,Kerala,Ernakulam", "industry": "Software Services", "ugqual": "B.Tech/B.E.", "pgqual": "Not Pursuing Post Graduation", "profile": "Knowledge in ASP.NET, SQL server", "postdate": "2016-04-16T00:00:00Z", "jobtype": "", "skills": "php,mysql", "notice_period": "20", "responsibilities": "fgdfgd,gdfgdfg,fgd", "requirements": "btech", "num_of_visits": 168, "status": 3, "suggestions": "[[395157575, 47.59], [567825742, 47.59], [672634308, 47.59], [673070026, 47.59], [762552912, 47.59], [794246454, 47.59], [860445751, 46.49], [165026623, 45.65], [379358397, 45.65], [856298255, 45.65], [81570264, 44.34], [373315377, 44.34], [450211284, 44.34], [603839799, 44.34], [824712288, 44.34], [986316475, 44.34], [503284360, 43.04], [309791485, 42.58], [720061200, 37.59], [435001728, 36.9]]"}}, {"model": "main.jobs", "pk": 788024617, "fields": {"eid": 833965419, "title": "Front-end Web deveoper", "jobdesc": "We are seeking a skilled and creative Frontend Web Developer to join our dynamic team. The ideal candidate will possess a strong foundation in web development technologies and techniques, with a focus on creating visually appealing and user-friendly interfaces. You will collaborate closely with our design and backend development teams to bring engaging and responsive web experiences to life.", "vacno": null, "experience": "0", "basicpay": "1", "fnarea": "Front-end Developer", "location": "Bengaluru", "industry": null, "ugqual": null, "pgqual": null, "profile": null, "postdate": "2023-08-24T03:38:58.935Z", "jobtype": "Full Time", "skills": "html,css,javascript,React.js,angular.js,figma,wordpress", "notice_period": null, "responsibilities": "Collaborate with designers and backend developers to translate wireframes and mockups into interactive web applications.\r\nDevelop and maintain efficient, reusable, and high-performance frontend code using HTML, CSS, and JavaScript frameworks.\r\nImplement responsive design principles to ensure seamless user experiences across various devices and screen sizes.\r\nOptimize application performance by identifying bottlenecks and finding solutions to improve loading times and overall responsiveness.", "requirements": "Bachelor's degree in Computer Science, Web Development, or a related field (or equivalent experience).\r\nProven experience as a Frontend Web Developer or similar role.\r\nProficiency in HTML, CSS, JavaScript, and related frontend technologies.\r\nStrong experience with frontend frameworks such as React, Angular, or Vue.js.\r\nFamiliarity with version control systems (e.g., Git) and collaborative development workflows.\r\nExperience with responsive and mobile-first design principles.", "num_of_visits": 4, "status": 7, "suggestions": "[]"}}, {"model": "main.jobs", "pk": 788024618, "fields": {"eid": 833965419, "title": "Back-end Developer", "jobdesc": "We are in search of a skilled and motivated Backend Developer to join our dynamic team. The ideal candidate will have a strong background in server-side development, databases, and API integration. You will work closely with our frontend and design teams to architect and build robust and scalable backend systems that power our web applications.", "vacno": null, "experience": "0", "basicpay": "1", "fnarea": "Back-end Developer", "location": "Jaipur", "industry": null, "ugqual": null, "pgqual": null, "profile": null, "postdate": "2023-08-24T03:40:46.937Z", "jobtype": "Full Time", "skills": "Node.js,javascript,python,django,mongodb,php,mysql", "notice_period": null, "responsibilities": "Collaborate with frontend developers, designers, and other cross-functional teams to design, develop, and maintain efficient backend systems.\r\nBuild and maintain APIs for seamless communication between the frontend and backend components of our applications.\r\nDevelop secure and scalable server-side logic, handling data storage, user authentication, and application logic.\r\nDesign and optimize databases, ensuring efficient data retrieval and storage while maintaining data integrity.", "requirements": "Bachelor's degree in Computer Science, Software Engineering, or a related field (or equivalent experience).\r\nProven experience as a Backend Developer or similar role.\r\nStrong proficiency in server-side programming languages such as Python, Java, Ruby, or Node.js.\r\nExperience with backend frameworks like Django, Flask, Ruby on Rails, or Express.js.\r\nSolid understanding of RESTful API design principles.\r\nProficiency in database management systems, both SQL (e.g., PostgreSQL, MySQL) and NoSQL (e.g., MongoDB, Redis).", "num_of_visits": 13, "status": 4, "suggestions": "[[373315377, 55.13], [450211284, 54.84], [309791485, 47.24], [603839799, 45.64], [567825742, 43.9], [672634308, 43.9], [762552912, 43.9], [794246454, 43.9], [856298255, 43.9], [165026623, 43.68], [379358397, 43.68], [673070026, 43.68], [395157575, 43.26], [81570264, 36.16], [268576603, 36.0], [969454803, 35.67], [824712288, 35.6], [819924985, 35.52], [435001728, 35.48], [606572057, 35.48]]"}}, {"model": "main.profilevisits", "pk": 1, "fields": {"user_id": 268576603, "e_id": 788024608, "visiting_time": "2023-07-15T05:24:23.433Z", "user_type": "c"}}, {"model": "main.profilevisits", "pk": 2, "fields": {"user_id": 268576603, "e_id": 788024608, "visiting_time": "2023-07-18T06:23:32.959Z", "user_type": "c"}}, {"model": "main.profilevisits", "pk": 3, "fields": {"user_id": 720061200, "e_id": 833965419, "visiting_time": "2023-08-09T15:47:35.419Z", "user_type": "c"}}, {"model": "main.profilevisits", "pk": 4, "fields": {"user_id": 720061200, "e_id": 833965419, "visiting_time": "2023-08-10T03:23:33.939Z", "user_type": "c"}}, {"model": "main.profilevisits", "pk": 5, "fields": {"user_id": 81570264, "e_id": 833965419, "visiting_time": "2023-08-10T03:43:05.687Z", "user_type": "c"}}, {"model": "main.profilevisits", "pk": 6, "fields": {"user_id": 720061200, "e_id": 833965419, "visiting_time": "2023-08-10T03:45:15.136Z", "user_type": "c"}}, {"model": "main.profilevisits", "pk": 7, "fields": {"user_id": 81570264, "e_id": 833965419, "visiting_time": "2023-08-10T03:52:53.782Z", "user_type": "c"}}, {"model": "main.profilevisits", "pk": 8, "fields": {"user_id": 81570264, "e_id": 833965419, "visiting_time": "2023-08-10T07:24:51.577Z", "user_type": "c"}}, {"model": "main.profilevisits", "pk": 9, "fields": {"user_id": 81570264, "e_id": 833965419, "visiting_time": "2023-08-10T07:27:47.693Z", "user_type": "c"}}, {"model": "main.profilevisits", "pk": 10, "fields": {"user_id": 720061200, "e_id": 833965419, "visiting_time": "2023-08-10T07:28:33.774Z", "user_type": "c"}}, {"model": "main.profilevisits", "pk": 11, "fields": {"user_id": 720061200, "e_id": 833965419, "visiting_time": "2023-08-10T07:28:39.690Z", "user_type": "c"}}, {"model": "main.profilevisits", "pk": 12, "fields": {"user_id": 81570264, "e_id": 833965419, "visiting_time": "2023-08-10T07:28:43.338Z", "user_type": "c"}}, {"model": "main.profilevisits", "pk": 13, "fields": {"user_id": 81570264, "e_id": 833965419, "visiting_time": "2023-08-10T07:33:10.337Z", "user_type": "c"}}, {"model": "main.profilevisits", "pk": 14, "fields": {"user_id": 81570264, "e_id": 833965419, "visiting_time": "2023-08-10T07:33:17.675Z", "user_type": "c"}}, {"model": "main.profilevisits", "pk": 15, "fields": {"user_id": 81570264, "e_id": 833965419, "visiting_time": "2023-08-10T07:34:19.013Z", "user_type": "c"}}, {"model": "main.profilevisits", "pk": 16, "fields": {"user_id": 81570264, "e_id": 833965419, "visiting_time": "2023-08-10T07:43:04.611Z", "user_type": "c"}}, {"model": "main.profilevisits", "pk": 17, "fields": {"user_id": 720061200, "e_id": 833965419, "visiting_time": "2023-08-10T07:44:07.686Z", "user_type": "c"}}, {"model": "main.profilevisits", "pk": 18, "fields": {"user_id": 720061200, "e_id": 833965419, "visiting_time": "2023-08-10T07:45:10.304Z", "user_type": "c"}}, {"model": "main.profilevisits", "pk": 19, "fields": {"user_id": 720061200, "e_id": 833965419, "visiting_time": "2023-08-10T07:55:32.794Z", "user_type": "c"}}, {"model": "main.profilevisits", "pk": 20, "fields": {"user_id": 81570264, "e_id": 833965419, "visiting_time": "2023-08-10T07:55:47.483Z", "user_type": "c"}}, {"model": "main.profilevisits", "pk": 21, "fields": {"user_id": 81570264, "e_id": 833965419, "visiting_time": "2023-08-10T07:57:29.456Z", "user_type": "c"}}, {"model": "main.profilevisits", "pk": 22, "fields": {"user_id": 81570264, "e_id": 833965419, "visiting_time": "2023-08-10T07:57:53.285Z", "user_type": "c"}}, {"model": "main.profilevisits", "pk": 23, "fields": {"user_id": 81570264, "e_id": 833965419, "visiting_time": "2023-08-10T08:08:52.343Z", "user_type": "c"}}, {"model": "main.profilevisits", "pk": 24, "fields": {"user_id": 81570264, "e_id": 833965419, "visiting_time": "2023-08-10T08:08:57.401Z", "user_type": "c"}}, {"model": "main.profilevisits", "pk": 25, "fields": {"user_id": 81570264, "e_id": 833965419, "visiting_time": "2023-08-10T08:25:36.402Z", "user_type": "c"}}, {"model": "main.profilevisits", "pk": 26, "fields": {"user_id": 81570264, "e_id": 833965419, "visiting_time": "2023-08-10T08:40:42.043Z", "user_type": "c"}}, {"model": "main.profilevisits", "pk": 27, "fields": {"user_id": 720061200, "e_id": 833965419, "visiting_time": "2023-08-10T08:43:30.192Z", "user_type": "c"}}, {"model": "main.profilevisits", "pk": 28, "fields": {"user_id": 81570264, "e_id": 833965419, "visiting_time": "2023-08-10T08:44:13.904Z", "user_type": "c"}}, {"model": "main.profilevisits", "pk": 29, "fields": {"user_id": 81570264, "e_id": 833965419, "visiting_time": "2023-08-10T08:50:01.980Z", "user_type": "c"}}, {"model": "main.profilevisits", "pk": 30, "fields": {"user_id": 81570264, "e_id": 833965419, "visiting_time": "2023-08-10T08:58:40.897Z", "user_type": "c"}}, {"model": "main.profilevisits", "pk": 31, "fields": {"user_id": 81570264, "e_id": 833965419, "visiting_time": "2023-08-10T08:58:54.385Z", "user_type": "c"}}, {"model": "main.profilevisits", "pk": 32, "fields": {"user_id": 81570264, "e_id": 833965419, "visiting_time": "2023-08-10T08:59:15.866Z", "user_type": "c"}}, {"model": "main.profilevisits", "pk": 33, "fields": {"user_id": 81570264, "e_id": 833965419, "visiting_time": "2023-08-10T09:12:39.282Z", "user_type": "c"}}, {"model": "main.profilevisits", "pk": 34, "fields": {"user_id": 81570264, "e_id": 833965419, "visiting_time": "2023-08-10T09:27:20.854Z", "user_type": "c"}}, {"model": "main.profilevisits", "pk": 35, "fields": {"user_id": 81570264, "e_id": 833965419, "visiting_time": "2023-08-10T09:55:09.688Z", "user_type": "c"}}, {"model": "main.profilevisits", "pk": 36, "fields": {"user_id": 81570264, "e_id": 833965419, "visiting_time": "2023-08-10T09:59:13.336Z", "user_type": "c"}}, {"model": "main.profilevisits", "pk": 37, "fields": {"user_id": 81570264, "e_id": 833965419, "visiting_time": "2023-08-10T09:59:53.672Z", "user_type": "c"}}, {"model": "main.profilevisits", "pk": 38, "fields": {"user_id": 81570264, "e_id": 833965419, "visiting_time": "2023-08-10T10:00:32.485Z", "user_type": "c"}}, {"model": "main.profilevisits", "pk": 39, "fields": {"user_id": 81570264, "e_id": 833965419, "visiting_time": "2023-08-10T10:00:56.171Z", "user_type": "c"}}, {"model": "main.profilevisits", "pk": 40, "fields": {"user_id": 81570264, "e_id": 833965419, "visiting_time": "2023-08-10T10:02:45.988Z", "user_type": "c"}}, {"model": "main.profilevisits", "pk": 41, "fields": {"user_id": 720061200, "e_id": 833965419, "visiting_time": "2023-08-10T10:11:08.047Z", "user_type": "c"}}, {"model": "main.profilevisits", "pk": 42, "fields": {"user_id": 720061200, "e_id": 833965419, "visiting_time": "2023-08-10T10:14:15.997Z", "user_type": "c"}}, {"model": "main.profilevisits", "pk": 43, "fields": {"user_id": 720061200, "e_id": 833965419, "visiting_time": "2023-08-10T10:15:09.696Z", "user_type": "c"}}, {"model": "main.profilevisits", "pk": 44, "fields": {"user_id": 81570264, "e_id": 833965419, "visiting_time": "2023-08-10T10:15:22.894Z", "user_type": "c"}}, {"model": "main.profilevisits", "pk": 45, "fields": {"user_id": 81570264, "e_id": 833965419, "visiting_time": "2023-08-10T10:16:56.946Z", "user_type": "c"}}, {"model": "main.profilevisits", "pk": 46, "fields": {"user_id": 81570264, "e_id": 833965419, "visiting_time": "2023-08-10T10:17:33.445Z", "user_type": "c"}}, {"model": "main.profilevisits", "pk": 47, "fields": {"user_id": 720061200, "e_id": 833965419, "visiting_time": "2023-08-10T10:24:28.136Z", "user_type": "c"}}, {"model": "main.profilevisits", "pk": 48, "fields": {"user_id": 81570264, "e_id": 833965419, "visiting_time": "2023-08-10T10:31:30.993Z", "user_type": "c"}}, {"model": "main.profilevisits", "pk": 49, "fields": {"user_id": 824712288, "e_id": 833965419, "visiting_time": "2023-08-10T10:31:38.616Z", "user_type": "c"}}, {"model": "main.profilevisits", "pk": 50, "fields": {"user_id": 81570264, "e_id": 833965419, "visiting_time": "2023-08-10T10:40:51.048Z", "user_type": "c"}}, {"model": "main.profilevisits", "pk": 51, "fields": {"user_id": 824712288, "e_id": 833965419, "visiting_time": "2023-08-10T10:44:10.845Z", "user_type": "c"}}, {"model": "main.profilevisits", "pk": 52, "fields": {"user_id": 824712288, "e_id": 833965419, "visiting_time": "2023-08-10T10:44:30.378Z", "user_type": "c"}}, {"model": "main.profilevisits", "pk": 53, "fields": {"user_id": 824712288, "e_id": 833965419, "visiting_time": "2023-08-10T10:44:32.345Z", "user_type": "c"}}, {"model": "main.profilevisits", "pk": 54, "fields": {"user_id": 824712288, "e_id": 833965419, "visiting_time": "2023-08-10T10:44:37.452Z", "user_type": "c"}}, {"model": "main.profilevisits", "pk": 55, "fields": {"user_id": 824712288, "e_id": 833965419, "visiting_time": "2023-08-10T10:44:39.891Z", "user_type": "c"}}, {"model": "main.profilevisits", "pk": 56, "fields": {"user_id": 824712288, "e_id": 833965419, "visiting_time": "2023-08-10T10:46:51.844Z", "user_type": "c"}}, {"model": "main.profilevisits", "pk": 57, "fields": {"user_id": 824712288, "e_id": 833965419, "visiting_time": "2023-08-10T10:46:58.214Z", "user_type": "c"}}, {"model": "main.profilevisits", "pk": 58, "fields": {"user_id": 720061200, "e_id": 833965419, "visiting_time": "2023-08-10T10:47:31.313Z", "user_type": "c"}}, {"model": "main.profilevisits", "pk": 59, "fields": {"user_id": 81570264, "e_id": 833965419, "visiting_time": "2023-08-10T10:51:00.846Z", "user_type": "c"}}, {"model": "main.profilevisits", "pk": 60, "fields": {"user_id": 824712288, "e_id": 833965419, "visiting_time": "2023-08-10T10:55:18.857Z", "user_type": "c"}}, {"model": "main.profilevisits", "pk": 61, "fields": {"user_id": 824712288, "e_id": 833965419, "visiting_time": "2023-08-10T11:00:59.255Z", "user_type": "c"}}, {"model": "main.profilevisits", "pk": 62, "fields": {"user_id": 373315377, "e_id": 833965419, "visiting_time": "2023-08-12T10:34:47.818Z", "user_type": "c"}}, {"model": "main.profilevisits", "pk": 63, "fields": {"user_id": 373315377, "e_id": 833965419, "visiting_time": "2023-08-12T10:55:45.731Z", "user_type": "e"}}, {"model": "main.profilevisits", "pk": 64, "fields": {"user_id": 720061200, "e_id": 833965419, "visiting_time": "2023-08-17T10:37:23.830Z", "user_type": "c"}}, {"model": "main.profilevisits", "pk": 65, "fields": {"user_id": 373315377, "e_id": 833965419, "visiting_time": "2023-08-18T07:50:08.934Z", "user_type": "c"}}, {"model": "main.profilevisits", "pk": 66, "fields": {"user_id": 762552912, "e_id": 833965419, "visiting_time": "2023-08-18T07:51:25.556Z", "user_type": "c"}}, {"model": "main.profilevisits", "pk": 67, "fields": {"user_id": 858846653, "e_id": 833965419, "visiting_time": "2023-08-18T07:51:34.569Z", "user_type": "c"}}, {"model": "main.profilevisits", "pk": 68, "fields": {"user_id": 606572057, "e_id": 833965419, "visiting_time": "2023-08-18T07:51:38.685Z", "user_type": "c"}}, {"model": "main.profilevisits", "pk": 69, "fields": {"user_id": 731095221, "e_id": 833965419, "visiting_time": "2023-08-18T07:51:46.088Z", "user_type": "c"}}, {"model": "main.profilevisits", "pk": 70, "fields": {"user_id": 986316475, "e_id": 833965419, "visiting_time": "2023-08-18T10:50:19.937Z", "user_type": "c"}}, {"model": "main.profilevisits", "pk": 71, "fields": {"user_id": 373315377, "e_id": 833965419, "visiting_time": "2023-08-22T10:13:55.792Z", "user_type": "c"}}, {"model": "main.profilevisits", "pk": 72, "fields": {"user_id": 165026623, "e_id": 833965419, "visiting_time": "2023-08-24T08:23:11.900Z", "user_type": "c"}}, {"model": "main.profilevisits", "pk": 73, "fields": {"user_id": 856298255, "e_id": 833965419, "visiting_time": "2023-08-24T08:23:15.778Z", "user_type": "c"}}, {"model": "main.profilevisits", "pk": 74, "fields": {"user_id": 794246454, "e_id": 833965419, "visiting_time": "2023-08-24T08:23:18.575Z", "user_type": "c"}}, {"model": "main.profilevisits", "pk": 75, "fields": {"user_id": 373315377, "e_id": 833965419, "visiting_time": "2023-08-24T08:23:22.902Z", "user_type": "c"}}, {"model": "main.profilevisits", "pk": 76, "fields": {"user_id": 450211284, "e_id": 833965419, "visiting_time": "2023-08-24T08:23:41.615Z", "user_type": "c"}}, {"model": "main.profilevisits", "pk": 77, "fields": {"user_id": 373315377, "e_id": 833965419, "visiting_time": "2023-08-24T08:23:57.765Z", "user_type": "c"}}, {"model": "main.profilevisits", "pk": 78, "fields": {"user_id": 373315377, "e_id": 833965419, "visiting_time": "2023-08-24T08:56:39.273Z", "user_type": "c"}}, {"model": "main.profilevisits", "pk": 79, "fields": {"user_id": 373315377, "e_id": 833965419, "visiting_time": "2023-08-24T09:12:07.802Z", "user_type": "c"}}, {"model": "main.profilevisits", "pk": 80, "fields": {"user_id": 373315377, "e_id": 833965419, "visiting_time": "2023-08-24T09:12:13.648Z", "user_type": "c"}}, {"model": "main.profilevisits", "pk": 81, "fields": {"user_id": 81570264, "e_id": 833965419, "visiting_time": "2023-08-25T10:06:48.136Z", "user_type": "c"}}, {"model": "main.profilevisits", "pk": 82, "fields": {"user_id": 720061200, "e_id": 833965419, "visiting_time": "2023-08-25T12:58:02.107Z", "user_type": "c"}}, {"model": "main.threads", "pk": 1, "fields": {"sender": 25, "receiver": 24, "has_unread": false, "date": "2023-06-06T15:45:36.606Z"}}, {"model": "main.threads", "pk": 2, "fields": {"sender": 25, "receiver": 31, "has_unread": false, "date": "2023-07-15T05:22:58.791Z"}}, {"model": "main.threads", "pk": 3, "fields": {"sender": 66, "receiver": 67, "has_unread": false, "date": "2023-08-10T07:34:23.505Z"}}, {"model": "main.threads", "pk": 4, "fields": {"sender": 66, "receiver": 33, "has_unread": false, "date": "2023-08-10T09:31:21.151Z"}}, {"model": "main.threads", "pk": 5, "fields": {"sender": 66, "receiver": 68, "has_unread": false, "date": "2023-08-10T10:31:09.983Z"}}, {"model": "main.threads", "pk": 6, "fields": {"sender": 66, "receiver": 70, "has_unread": false, "date": "2023-08-22T09:47:52.032Z"}}, {"model": "main.threads", "pk": 7, "fields": {"sender": 66, "receiver": 71, "has_unread": false, "date": "2023-08-25T10:13:38.569Z"}}, {"model": "main.messages", "pk": 1, "fields": {"msg_id": 1, "sender_user": 25, "receiver_user": 24, "body": "hey", "image": "", "date": "2023-06-06T15:45:56.599Z", "is_read": true}}, {"model": "main.messages", "pk": 2, "fields": {"msg_id": 1, "sender_user": 25, "receiver_user": 24, "body": "send resume quick", "image": "", "date": "2023-06-06T15:56:56.158Z", "is_read": true}}, {"model": "main.messages", "pk": 3, "fields": {"msg_id": 1, "sender_user": 24, "receiver_user": 25, "body": "ok", "image": "", "date": "2023-06-06T15:57:11.797Z", "is_read": true}}, {"model": "main.messages", "pk": 4, "fields": {"msg_id": 2, "sender_user": 25, "receiver_user": 31, "body": "hi", "image": "", "date": "2023-07-15T05:23:03.553Z", "is_read": true}}, {"model": "main.messages", "pk": 5, "fields": {"msg_id": 3, "sender_user": 66, "receiver_user": 67, "body": "Hello", "image": "", "date": "2023-08-10T07:34:32.963Z", "is_read": false}}, {"model": "main.messages", "pk": 6, "fields": {"msg_id": 3, "sender_user": 66, "receiver_user": 67, "body": "hy", "image": "", "date": "2023-08-19T05:37:17.094Z", "is_read": false}}, {"model": "main.resumeanalysis", "pk": 2, "fields": {"jobseeker_id": 309791485, "resume_score": "20", "date": "2023-05-16", "no_of_pages": "1", "predicted_field": "Web Development", "user_level": "Fresher", "actual_skills": ",Java,Django,Mobile,Operations,Engineering,Website,Mathematics,C++,Php,Machine learning,Html,Algorithms,System,Analysis,Css,Javascript,Python,Mining,Mysql,Health,Ordering,Design", "reco_skills": ",React,Django,Node JS,React JS,php,laravel,Magento,wordpress,Javascript,Angular JS,c#,Flask,SDK", "reco_courses": ",Become a React Developer by Udacity,Front End Web Developer by Udacity,Node.js and Express.js [Free],Full Stack Web Developer by Udacity", "recommendations": ",According to our recommendation please add your career objective, it will give your career intension to the Recruiters,According to our recommendation please add Declaration. It will give the assurance that everything written on your resume is true and fully acknowledged by you,Awesome! You have added Hobbies,According to our recommendation please add Achievements. It will show that you are capable for the required position.,According to our recommendation please add Projects. It will show that you have done work related the required position or not."}}, {"model": "main.resumeanalysis", "pk": 3, "fields": {"jobseeker_id": 710946856, "resume_score": null, "date": "2023-07-26", "no_of_pages": null, "predicted_field": null, "user_level": null, "actual_skills": "App Development(iOS,Android,Windows),", "reco_skills": null, "reco_courses": null, "recommendations": null}}, {"model": "main.resumeanalysis", "pk": 4, "fields": {"jobseeker_id": 731095221, "resume_score": null, "date": "2023-07-26", "no_of_pages": null, "predicted_field": null, "user_level": null, "actual_skills": "Networking / CCNA,c#,Big Data / Hadoop,Cloud Computing,", "reco_skills": null, "reco_courses": null, "recommendations": null}}, {"model": "main.resumeanalysis", "pk": 5, "fields": {"jobseeker_id": 604117780, "resume_score": null, "date": "2023-07-27", "no_of_pages": null, "predicted_field": null, "user_level": null, "actual_skills": "App Development(iOS,Android,Windows),C / C++,", "reco_skills": null, "reco_courses": null, "recommendations": null}}, {"model": "main.resumeanalysis", "pk": 6, "fields": {"jobseeker_id": 858846653, "resume_score": null, "date": "2023-07-27", "no_of_pages": null, "predicted_field": null, "user_level": null, "actual_skills": "Angular JS / Node Js,App Development(iOS,Android,Windows),", "reco_skills": null, "reco_courses": null, "recommendations": null}}, {"model": "main.resumeanalysis", "pk": 7, "fields": {"jobseeker_id": 858846653, "resume_score": null, "date": "2023-07-27", "no_of_pages": null, "predicted_field": null, "user_level": null, "actual_skills": "Angular JS / Node Js,App Development(iOS,Android,Windows),", "reco_skills": null, "reco_courses": null, "recommendations": null}}, {"model": "main.resumeanalysis", "pk": 8, "fields": {"jobseeker_id": 858846653, "resume_score": null, "date": "2023-07-27", "no_of_pages": null, "predicted_field": null, "user_level": null, "actual_skills": "Angular JS / Node Js,", "reco_skills": null, "reco_courses": null, "recommendations": null}}, {"model": "main.resumeanalysis", "pk": 9, "fields": {"jobseeker_id": 858846653, "resume_score": null, "date": "2023-07-27", "no_of_pages": null, "predicted_field": null, "user_level": null, "actual_skills": "Angular JS / Node Js,", "reco_skills": null, "reco_courses": null, "recommendations": null}}, {"model": "main.resumeanalysis", "pk": 10, "fields": {"jobseeker_id": 858846653, "resume_score": null, "date": "2023-07-27", "no_of_pages": null, "predicted_field": null, "user_level": null, "actual_skills": "Angular JS / Node Js,", "reco_skills": null, "reco_courses": null, "recommendations": null}}, {"model": "main.resumeanalysis", "pk": 11, "fields": {"jobseeker_id": 435001728, "resume_score": null, "date": "2023-07-27", "no_of_pages": null, "predicted_field": null, "user_level": null, "actual_skills": "App Development(iOS,Android,Windows),", "reco_skills": null, "reco_courses": null, "recommendations": null}}, {"model": "main.resumeanalysis", "pk": 12, "fields": {"jobseeker_id": 435001728, "resume_score": null, "date": "2023-07-27", "no_of_pages": null, "predicted_field": null, "user_level": null, "actual_skills": "App Development(iOS,Android,Windows),", "reco_skills": null, "reco_courses": null, "recommendations": null}}, {"model": "main.resumeanalysis", "pk": 13, "fields": {"jobseeker_id": 948142271, "resume_score": null, "date": "2023-07-27", "no_of_pages": null, "predicted_field": null, "user_level": null, "actual_skills": "Angular JS / Node Js,", "reco_skills": null, "reco_courses": null, "recommendations": null}}, {"model": "main.resumeanalysis", "pk": 14, "fields": {"jobseeker_id": 606572057, "resume_score": null, "date": "2023-07-27", "no_of_pages": null, "predicted_field": null, "user_level": null, "actual_skills": "App Development(iOS,Android,Windows),", "reco_skills": null, "reco_courses": null, "recommendations": null}}, {"model": "main.resumeanalysis", "pk": 15, "fields": {"jobseeker_id": 606572057, "resume_score": null, "date": "2023-07-27", "no_of_pages": null, "predicted_field": null, "user_level": null, "actual_skills": "App Development(iOS,Android,Windows),", "reco_skills": null, "reco_courses": null, "recommendations": null}}, {"model": "main.resumeanalysis", "pk": 16, "fields": {"jobseeker_id": 819924985, "resume_score": null, "date": "2023-07-27", "no_of_pages": null, "predicted_field": null, "user_level": null, "actual_skills": "App Development(iOS,Android,Windows),", "reco_skills": null, "reco_courses": null, "recommendations": null}}, {"model": "main.resumeanalysis", "pk": 17, "fields": {"jobseeker_id": 673070026, "resume_score": null, "date": "2023-07-27", "no_of_pages": null, "predicted_field": null, "user_level": null, "actual_skills": "MySQL / Database,PHP,", "reco_skills": null, "reco_courses": null, "recommendations": null}}, {"model": "main.resumeanalysis", "pk": 18, "fields": {"jobseeker_id": 673070026, "resume_score": null, "date": "2023-07-27", "no_of_pages": null, "predicted_field": null, "user_level": null, "actual_skills": "MySQL / Database,PHP,", "reco_skills": null, "reco_courses": null, "recommendations": null}}, {"model": "main.resumeanalysis", "pk": 19, "fields": {"jobseeker_id": 673070026, "resume_score": null, "date": "2023-07-27", "no_of_pages": null, "predicted_field": null, "user_level": null, "actual_skills": "PHP,", "reco_skills": null, "reco_courses": null, "recommendations": null}}, {"model": "main.resumeanalysis", "pk": 20, "fields": {"jobseeker_id": 673070026, "resume_score": null, "date": "2023-07-27", "no_of_pages": null, "predicted_field": null, "user_level": null, "actual_skills": "PHP,", "reco_skills": null, "reco_courses": null, "recommendations": null}}, {"model": "main.resumeanalysis", "pk": 21, "fields": {"jobseeker_id": 673070026, "resume_score": null, "date": "2023-07-27", "no_of_pages": null, "predicted_field": null, "user_level": null, "actual_skills": "PHP,", "reco_skills": null, "reco_courses": null, "recommendations": null}}, {"model": "main.resumeanalysis", "pk": 22, "fields": {"jobseeker_id": 673070026, "resume_score": null, "date": "2023-07-27", "no_of_pages": null, "predicted_field": null, "user_level": null, "actual_skills": "PHP,", "reco_skills": null, "reco_courses": null, "recommendations": null}}, {"model": "main.resumeanalysis", "pk": 23, "fields": {"jobseeker_id": 673070026, "resume_score": null, "date": "2023-07-27", "no_of_pages": null, "predicted_field": null, "user_level": null, "actual_skills": "PHP,", "reco_skills": null, "reco_courses": null, "recommendations": null}}, {"model": "main.resumeanalysis", "pk": 24, "fields": {"jobseeker_id": 673070026, "resume_score": null, "date": "2023-07-27", "no_of_pages": null, "predicted_field": null, "user_level": null, "actual_skills": "PHP,", "reco_skills": null, "reco_courses": null, "recommendations": null}}, {"model": "main.resumeanalysis", "pk": 25, "fields": {"jobseeker_id": 673070026, "resume_score": null, "date": "2023-07-27", "no_of_pages": null, "predicted_field": null, "user_level": null, "actual_skills": "PHP,", "reco_skills": null, "reco_courses": null, "recommendations": null}}, {"model": "main.resumeanalysis", "pk": 26, "fields": {"jobseeker_id": 673070026, "resume_score": null, "date": "2023-07-27", "no_of_pages": null, "predicted_field": null, "user_level": null, "actual_skills": "PHP,", "reco_skills": null, "reco_courses": null, "recommendations": null}}, {"model": "main.resumeanalysis", "pk": 27, "fields": {"jobseeker_id": 673070026, "resume_score": null, "date": "2023-07-27", "no_of_pages": null, "predicted_field": null, "user_level": null, "actual_skills": "PHP,", "reco_skills": null, "reco_courses": null, "recommendations": null}}, {"model": "main.resumeanalysis", "pk": 28, "fields": {"jobseeker_id": 673070026, "resume_score": null, "date": "2023-07-27", "no_of_pages": null, "predicted_field": null, "user_level": null, "actual_skills": "PHP,", "reco_skills": null, "reco_courses": null, "recommendations": null}}, {"model": "main.resumeanalysis", "pk": 29, "fields": {"jobseeker_id": 673070026, "resume_score": null, "date": "2023-07-27", "no_of_pages": null, "predicted_field": null, "user_level": null, "actual_skills": "PHP,", "reco_skills": null, "reco_courses": null, "recommendations": null}}, {"model": "main.resumeanalysis", "pk": 30, "fields": {"jobseeker_id": 673070026, "resume_score": null, "date": "2023-07-27", "no_of_pages": null, "predicted_field": null, "user_level": null, "actual_skills": "PHP,", "reco_skills": null, "reco_courses": null, "recommendations": null}}, {"model": "main.resumeanalysis", "pk": 31, "fields": {"jobseeker_id": 673070026, "resume_score": null, "date": "2023-07-27", "no_of_pages": null, "predicted_field": null, "user_level": null, "actual_skills": "PHP,", "reco_skills": null, "reco_courses": null, "recommendations": null}}, {"model": "main.resumeanalysis", "pk": 32, "fields": {"jobseeker_id": 673070026, "resume_score": null, "date": "2023-07-27", "no_of_pages": null, "predicted_field": null, "user_level": null, "actual_skills": "PHP,", "reco_skills": null, "reco_courses": null, "recommendations": null}}, {"model": "main.resumeanalysis", "pk": 33, "fields": {"jobseeker_id": 673070026, "resume_score": null, "date": "2023-07-27", "no_of_pages": null, "predicted_field": null, "user_level": null, "actual_skills": "PHP,", "reco_skills": null, "reco_courses": null, "recommendations": null}}, {"model": "main.resumeanalysis", "pk": 34, "fields": {"jobseeker_id": 673070026, "resume_score": null, "date": "2023-07-27", "no_of_pages": null, "predicted_field": null, "user_level": null, "actual_skills": "PHP,", "reco_skills": null, "reco_courses": null, "recommendations": null}}, {"model": "main.resumeanalysis", "pk": 35, "fields": {"jobseeker_id": 673070026, "resume_score": null, "date": "2023-07-27", "no_of_pages": null, "predicted_field": null, "user_level": null, "actual_skills": "PHP,", "reco_skills": null, "reco_courses": null, "recommendations": null}}, {"model": "main.resumeanalysis", "pk": 36, "fields": {"jobseeker_id": 673070026, "resume_score": null, "date": "2023-07-27", "no_of_pages": null, "predicted_field": null, "user_level": null, "actual_skills": "PHP,", "reco_skills": null, "reco_courses": null, "recommendations": null}}, {"model": "main.resumeanalysis", "pk": 37, "fields": {"jobseeker_id": 794246454, "resume_score": null, "date": "2023-07-27", "no_of_pages": null, "predicted_field": null, "user_level": null, "actual_skills": "PHP,", "reco_skills": null, "reco_courses": null, "recommendations": null}}, {"model": "main.resumeanalysis", "pk": 38, "fields": {"jobseeker_id": 672634308, "resume_score": null, "date": "2023-07-27", "no_of_pages": null, "predicted_field": null, "user_level": null, "actual_skills": "PHP,", "reco_skills": null, "reco_courses": null, "recommendations": null}}, {"model": "main.resumeanalysis", "pk": 39, "fields": {"jobseeker_id": 969454803, "resume_score": null, "date": "2023-07-28", "no_of_pages": null, "predicted_field": null, "user_level": null, "actual_skills": "App Development(iOS,Android,Windows),", "reco_skills": null, "reco_courses": null, "recommendations": null}}, {"model": "main.resumeanalysis", "pk": 40, "fields": {"jobseeker_id": 969454803, "resume_score": null, "date": "2023-07-28", "no_of_pages": null, "predicted_field": null, "user_level": null, "actual_skills": "App Development(iOS,Android,Windows),", "reco_skills": null, "reco_courses": null, "recommendations": null}}, {"model": "main.resumeanalysis", "pk": 41, "fields": {"jobseeker_id": 395157575, "resume_score": null, "date": "2023-07-28", "no_of_pages": null, "predicted_field": null, "user_level": null, "actual_skills": "PHP,", "reco_skills": null, "reco_courses": null, "recommendations": null}}, {"model": "main.resumeanalysis", "pk": 42, "fields": {"jobseeker_id": 567825742, "resume_score": null, "date": "2023-07-28", "no_of_pages": null, "predicted_field": null, "user_level": null, "actual_skills": "PHP,", "reco_skills": null, "reco_courses": null, "recommendations": null}}, {"model": "main.resumeanalysis", "pk": 43, "fields": {"jobseeker_id": 567825742, "resume_score": null, "date": "2023-07-28", "no_of_pages": null, "predicted_field": null, "user_level": null, "actual_skills": "PHP,", "reco_skills": null, "reco_courses": null, "recommendations": null}}, {"model": "main.resumeanalysis", "pk": 44, "fields": {"jobseeker_id": 165026623, "resume_score": null, "date": "2023-07-29", "no_of_pages": null, "predicted_field": null, "user_level": null, "actual_skills": "PHP,", "reco_skills": null, "reco_courses": null, "recommendations": null}}, {"model": "main.resumeanalysis", "pk": 45, "fields": {"jobseeker_id": 379358397, "resume_score": null, "date": "2023-07-29", "no_of_pages": null, "predicted_field": null, "user_level": null, "actual_skills": "PHP,", "reco_skills": null, "reco_courses": null, "recommendations": null}}, {"model": "main.resumeanalysis", "pk": 46, "fields": {"jobseeker_id": 762552912, "resume_score": null, "date": "2023-07-29", "no_of_pages": null, "predicted_field": null, "user_level": null, "actual_skills": "PHP,", "reco_skills": null, "reco_courses": null, "recommendations": null}}, {"model": "main.resumeanalysis", "pk": 47, "fields": {"jobseeker_id": 856298255, "resume_score": null, "date": "2023-07-29", "no_of_pages": null, "predicted_field": null, "user_level": null, "actual_skills": "PHP,", "reco_skills": null, "reco_courses": null, "recommendations": null}}, {"model": "main.resumeanalysis", "pk": 48, "fields": {"jobseeker_id": 712589075, "resume_score": null, "date": "2023-08-01", "no_of_pages": null, "predicted_field": null, "user_level": null, "actual_skills": "MySQL / Database,PHP,", "reco_skills": null, "reco_courses": null, "recommendations": null}}, {"model": "main.resumeanalysis", "pk": 49, "fields": {"jobseeker_id": 503284360, "resume_score": null, "date": "2023-08-01", "no_of_pages": null, "predicted_field": null, "user_level": null, "actual_skills": "PHP,Acrobat,", "reco_skills": null, "reco_courses": null, "recommendations": null}}, {"model": "main.resumeanalysis", "pk": 50, "fields": {"jobseeker_id": 823140842, "resume_score": null, "date": "2023-08-02", "no_of_pages": null, "predicted_field": null, "user_level": null, "actual_skills": "C / C++,Python,", "reco_skills": null, "reco_courses": null, "recommendations": null}}, {"model": "main.resumeanalysis", "pk": 51, "fields": {"jobseeker_id": 858532288, "resume_score": null, "date": "2023-08-03", "no_of_pages": null, "predicted_field": null, "user_level": null, "actual_skills": "C / C++,MongoDB,Django,", "reco_skills": null, "reco_courses": null, "recommendations": null}}, {"model": "main.resumeanalysis", "pk": 52, "fields": {"jobseeker_id": 986316475, "resume_score": null, "date": "2023-08-04", "no_of_pages": null, "predicted_field": null, "user_level": null, "actual_skills": "MySQL / Database,PHP,CSS,HTML,Javascript,", "reco_skills": null, "reco_courses": null, "recommendations": null}}, {"model": "main.resumeanalysis", "pk": 53, "fields": {"jobseeker_id": 81570264, "resume_score": null, "date": "2023-08-10", "no_of_pages": null, "predicted_field": null, "user_level": null, "actual_skills": "Angular JS / Node Js,C / C++,MySQL / Database,PHP,Python,", "reco_skills": null, "reco_courses": null, "recommendations": null}}, {"model": "main.resumeanalysis", "pk": 54, "fields": {"jobseeker_id": 824712288, "resume_score": null, "date": "2023-08-10", "no_of_pages": null, "predicted_field": null, "user_level": null, "actual_skills": "Angular JS / Node Js,MySQL / Database,PHP,Bookkeeping through Excel or TurboTax,CSS,HTML,Javascript,", "reco_skills": null, "reco_courses": null, "recommendations": null}}, {"model": "main.resumeanalysis", "pk": 55, "fields": {"jobseeker_id": 603839799, "resume_score": null, "date": "2023-08-11", "no_of_pages": null, "predicted_field": null, "user_level": null, "actual_skills": "Angular JS / Node Js,C / C++,MySQL / Database,PHP,", "reco_skills": null, "reco_courses": null, "recommendations": null}}, {"model": "main.resumeanalysis", "pk": 56, "fields": {"jobseeker_id": 373315377, "resume_score": null, "date": "2023-08-11", "no_of_pages": null, "predicted_field": null, "user_level": null, "actual_skills": "Angular JS / Node Js,C / C++,MySQL / Database,Django,PHP,Python,CSS,HTML,", "reco_skills": null, "reco_courses": null, "recommendations": null}}, {"model": "main.resumeanalysis", "pk": 57, "fields": {"jobseeker_id": 450211284, "resume_score": null, "date": "2023-08-12", "no_of_pages": null, "predicted_field": null, "user_level": null, "actual_skills": "C / C++,MySQL / Database,Django,PHP,Python,", "reco_skills": null, "reco_courses": null, "recommendations": null}}, {"model": "main.likedjobs", "pk": 8, "fields": {"user_id": 309791485, "job_id": 1, "likedate": "2023-06-06T15:43:59.277Z"}}, {"model": "main.likedjobs", "pk": 9, "fields": {"user_id": 268576603, "job_id": 1, "likedate": "2023-07-15T05:39:44.644Z"}}, {"model": "main.test", "pk": 3, "fields": {"created_date": "2023-06-07T03:32:51.670Z"}}, {"model": "main.test", "pk": 4, "fields": {"created_date": "2023-08-09T15:33:53.764Z"}}, {"model": "main.test", "pk": 7, "fields": {"created_date": "2023-08-09T15:40:51.847Z"}}, {"model": "main.testinfo", "pk": 3, "fields": {"test_id": 3, "test_name": "Sample", "eid": 788024608, "time_limit": 20}}, {"model": "main.testinfo", "pk": 4, "fields": {"test_id": 4, "test_name": "Aditya vyas", "eid": 833965419, "time_limit": 15}}, {"model": "main.testinfo", "pk": 7, "fields": {"test_id": 7, "test_name": "New", "eid": 833965419, "time_limit": 1}}, {"model": "main.testques", "pk": 3, "fields": {"testinfoid": 3, "ques_name": "What is django", "option1": "d", "option2": "d", "option3": "f", "option4": "d", "correct": 2}}, {"model": "main.testques", "pk": 4, "fields": {"testinfoid": 4, "ques_name": "Language", "option1": "Python", "option2": "Java", "option3": "C++", "option4": "C", "correct": 1}}, {"model": "main.testques", "pk": 5, "fields": {"testinfoid": 4, "ques_name": "Skills", "option1": "Front-end", "option2": "Back-end", "option3": "AWS", "option4": "None", "correct": 3}}, {"model": "main.testques", "pk": 8, "fields": {"testinfoid": 7, "ques_name": "Moon", "option1": "Planet", "option2": "Galaxy", "option3": "Star", "option4": "Moon", "correct": 4}}, {"model": "main.application", "pk": 6, "fields": {"user_id": 268576603, "eid": 788024608, "job_id": 4, "status": 3, "date_applied": "2023-07-15T05:26:15.760Z", "test": 3, "why_desc": "skills"}}, {"model": "main.application", "pk": 27, "fields": {"user_id": 373315377, "eid": 833965419, "job_id": 788024618, "status": 7, "date_applied": "2023-08-24T09:11:14.179Z", "test": 7, "why_desc": "dfs"}}, {"model": "main.application", "pk": 28, "fields": {"user_id": 373315377, "eid": 833965419, "job_id": 788024617, "status": 7, "date_applied": "2023-08-24T09:11:22.767Z", "test": 4, "why_desc": "dfsd"}}, {"model": "main.application", "pk": 29, "fields": {"user_id": 720061200, "eid": 833965419, "job_id": 788024618, "status": 5, "date_applied": "2023-08-25T18:27:32.810Z", "test": 7, "why_desc": "d"}}, {"model": "main.application", "pk": 30, "fields": {"user_id": 720061200, "eid": 833965419, "job_id": 788024617, "status": 3, "date_applied": "2023-08-28T11:21:29.285Z", "test": 7, "why_desc": "sdf"}}, {"model": "main.testuser", "pk": 1, "fields": {"user_id": 309791485, "test_id": 3, "emp_id": null, "correct_answers": 0, "total_ques": 0, "answers": null, "date": "2023-07-15T05:17:33.321Z", "apply_id": null}}, {"model": "main.testuser", "pk": 3, "fields": {"user_id": 268576603, "test_id": 3, "emp_id": null, "correct_answers": 0, "total_ques": 0, "answers": null, "date": "2023-07-15T05:29:36.957Z", "apply_id": null}}, {"model": "main.testuser", "pk": 4, "fields": {"user_id": 720061200, "test_id": 7, "emp_id": null, "correct_answers": 1, "total_ques": 1, "answers": "4,", "date": "2023-08-09T15:49:50.137Z", "apply_id": null}}, {"model": "main.testuser", "pk": 5, "fields": {"user_id": 720061200, "test_id": 4, "emp_id": null, "correct_answers": 1, "total_ques": 2, "answers": "1,1,", "date": "2023-08-10T08:47:28.200Z", "apply_id": null}}, {"model": "main.testuser", "pk": 6, "fields": {"user_id": 81570264, "test_id": 7, "emp_id": null, "correct_answers": 1, "total_ques": 1, "answers": "4,", "date": "2023-08-10T08:48:47.946Z", "apply_id": null}}, {"model": "main.testuser", "pk": 7, "fields": {"user_id": 824712288, "test_id": 7, "emp_id": null, "correct_answers": 0, "total_ques": 0, "answers": null, "date": "2023-08-11T06:16:49.235Z", "apply_id": null}}, {"model": "main.testuser", "pk": 8, "fields": {"user_id": 81570264, "test_id": 4, "emp_id": null, "correct_answers": 1, "total_ques": 2, "answers": "1,4,", "date": "2023-08-11T06:18:59.871Z", "apply_id": null}}, {"model": "main.testuser", "pk": 9, "fields": {"user_id": 824712288, "test_id": 4, "emp_id": null, "correct_answers": 0, "total_ques": 0, "answers": null, "date": "2023-08-11T06:18:03.779Z", "apply_id": null}}, {"model": "main.testuser", "pk": 10, "fields": {"user_id": 603839799, "test_id": 4, "emp_id": null, "correct_answers": 0, "total_ques": 0, "answers": null, "date": "2023-08-20T16:45:00Z", "apply_id": null}}, {"model": "main.testuser", "pk": 12, "fields": {"user_id": 450211284, "test_id": 4, "emp_id": null, "correct_answers": 1, "total_ques": 2, "answers": "1,1,", "date": "2023-08-12T08:15:29.585Z", "apply_id": null}}, {"model": "main.testuser", "pk": 13, "fields": {"user_id": 373315377, "test_id": 7, "emp_id": null, "correct_answers": 1, "total_ques": 1, "answers": "4,", "date": "2023-08-12T11:02:56.318Z", "apply_id": null}}, {"model": "main.testuser", "pk": 14, "fields": {"user_id": 603839799, "test_id": 7, "emp_id": null, "correct_answers": 0, "total_ques": 0, "answers": null, "date": "2023-08-12T16:30:00Z", "apply_id": null}}, {"model": "main.testuser", "pk": 15, "fields": {"user_id": 373315377, "test_id": 4, "emp_id": null, "correct_answers": 1, "total_ques": 2, "answers": "1,2,", "date": "2023-08-12T11:02:36.516Z", "apply_id": null}}, {"model": "main.testuser", "pk": 21, "fields": {"user_id": 720061200, "test_id": 4, "emp_id": 833965419, "correct_answers": 1, "total_ques": 1, "answers": "4,", "date": "2023-08-23T10:31:00.065Z", "apply_id": null}}, {"model": "main.testuser", "pk": 22, "fields": {"user_id": 720061200, "test_id": 7, "emp_id": 833965419, "correct_answers": 1, "total_ques": 1, "answers": "4,", "date": "2023-08-23T11:56:07.192Z", "apply_id": null}}, {"model": "main.testuser", "pk": 23, "fields": {"user_id": 373315377, "test_id": 4, "emp_id": 833965419, "correct_answers": 1, "total_ques": 2, "answers": "1,2,", "date": "2023-08-23T11:59:49.436Z", "apply_id": null}}, {"model": "main.testuser", "pk": 26, "fields": {"user_id": 373315377, "test_id": 7, "emp_id": 833965419, "correct_answers": 1, "total_ques": 1, "answers": "4,", "date": "2023-08-24T03:44:18.330Z", "apply_id": 27}}, {"model": "main.testuser", "pk": 27, "fields": {"user_id": 373315377, "test_id": 4, "emp_id": 833965419, "correct_answers": 1, "total_ques": 2, "answers": "1,1,", "date": "2023-08-24T03:44:32.308Z", "apply_id": 28}}, {"model": "main.testuser", "pk": 28, "fields": {"user_id": 720061200, "test_id": 7, "emp_id": 833965419, "correct_answers": 1, "total_ques": 1, "answers": "4,", "date": "2023-08-25T13:00:09.180Z", "apply_id": 29}}, {"model": "main.testuser", "pk": 29, "fields": {"user_id": 720061200, "test_id": 7, "emp_id": 833965419, "correct_answers": 0, "total_ques": 0, "answers": null, "date": "2023-08-29T05:51:00Z", "apply_id": 30}}, {"model": "main.notifications", "pk": 1, "fields": {"send_id": 25, "rece_id": 24, "datetime": "2023-06-06T15:45:56.606Z", "notif_type": "M", "readed": true, "job_id": null, "testuser_id": null}}, {"model": "main.notifications", "pk": 2, "fields": {"send_id": 25, "rece_id": 24, "datetime": "2023-06-06T15:56:56.165Z", "notif_type": "M", "readed": true, "job_id": null, "testuser_id": null}}, {"model": "main.notifications", "pk": 3, "fields": {"send_id": 24, "rece_id": 25, "datetime": "2023-06-06T15:57:11.805Z", "notif_type": "M", "readed": false, "job_id": null, "testuser_id": null}}, {"model": "main.notifications", "pk": 4, "fields": {"send_id": 25, "rece_id": 24, "datetime": "2023-07-15T05:17:33.421Z", "notif_type": "T", "readed": false, "job_id": null, "testuser_id": null}}, {"model": "main.notifications", "pk": 5, "fields": {"send_id": 25, "rece_id": 31, "datetime": "2023-07-15T05:23:03.571Z", "notif_type": "M", "readed": true, "job_id": null, "testuser_id": null}}, {"model": "main.notifications", "pk": 6, "fields": {"send_id": 25, "rece_id": 31, "datetime": "2023-07-15T05:23:30.924Z", "notif_type": "T", "readed": true, "job_id": null, "testuser_id": null}}, {"model": "main.notifications", "pk": 8, "fields": {"send_id": 25, "rece_id": 31, "datetime": "2023-07-15T05:24:23.447Z", "notif_type": "V", "readed": true, "job_id": null, "testuser_id": null}}, {"model": "main.notifications", "pk": 9, "fields": {"send_id": 25, "rece_id": 31, "datetime": "2023-07-15T05:29:36.959Z", "notif_type": "T", "readed": true, "job_id": null, "testuser_id": null}}, {"model": "main.notifications", "pk": 10, "fields": {"send_id": 25, "rece_id": 31, "datetime": "2023-07-18T06:23:33.057Z", "notif_type": "V", "readed": false, "job_id": null, "testuser_id": null}}, {"model": "main.notifications", "pk": 11, "fields": {"send_id": 66, "rece_id": 33, "datetime": "2023-08-09T15:47:35.422Z", "notif_type": "V", "readed": true, "job_id": null, "testuser_id": null}}, {"model": "main.notifications", "pk": 12, "fields": {"send_id": 66, "rece_id": 33, "datetime": "2023-08-09T15:49:05.534Z", "notif_type": "T", "readed": true, "job_id": null, "testuser_id": null}}, {"model": "main.notifications", "pk": 13, "fields": {"send_id": 33, "rece_id": 66, "datetime": "2023-08-09T15:49:50.152Z", "notif_type": "T", "readed": true, "job_id": null, "testuser_id": 4}}, {"model": "main.notifications", "pk": 14, "fields": {"send_id": 66, "rece_id": 33, "datetime": "2023-08-10T03:23:33.942Z", "notif_type": "V", "readed": true, "job_id": null, "testuser_id": null}}, {"model": "main.notifications", "pk": 15, "fields": {"send_id": 66, "rece_id": 67, "datetime": "2023-08-10T03:43:05.690Z", "notif_type": "V", "readed": false, "job_id": null, "testuser_id": null}}, {"model": "main.notifications", "pk": 16, "fields": {"send_id": 66, "rece_id": 33, "datetime": "2023-08-10T03:45:15.138Z", "notif_type": "V", "readed": true, "job_id": null, "testuser_id": null}}, {"model": "main.notifications", "pk": 17, "fields": {"send_id": 66, "rece_id": 67, "datetime": "2023-08-10T03:52:53.785Z", "notif_type": "V", "readed": false, "job_id": null, "testuser_id": null}}, {"model": "main.notifications", "pk": 18, "fields": {"send_id": 66, "rece_id": 67, "datetime": "2023-08-10T07:24:51.584Z", "notif_type": "V", "readed": false, "job_id": null, "testuser_id": null}}, {"model": "main.notifications", "pk": 19, "fields": {"send_id": 66, "rece_id": 67, "datetime": "2023-08-10T07:27:47.694Z", "notif_type": "V", "readed": false, "job_id": null, "testuser_id": null}}, {"model": "main.notifications", "pk": 20, "fields": {"send_id": 66, "rece_id": 33, "datetime": "2023-08-10T07:28:33.775Z", "notif_type": "V", "readed": true, "job_id": null, "testuser_id": null}}, {"model": "main.notifications", "pk": 21, "fields": {"send_id": 66, "rece_id": 33, "datetime": "2023-08-10T07:28:39.692Z", "notif_type": "V", "readed": true, "job_id": null, "testuser_id": null}}, {"model": "main.notifications", "pk": 22, "fields": {"send_id": 66, "rece_id": 67, "datetime": "2023-08-10T07:28:43.340Z", "notif_type": "V", "readed": false, "job_id": null, "testuser_id": null}}, {"model": "main.notifications", "pk": 23, "fields": {"send_id": 66, "rece_id": 67, "datetime": "2023-08-10T07:33:10.338Z", "notif_type": "V", "readed": false, "job_id": null, "testuser_id": null}}, {"model": "main.notifications", "pk": 24, "fields": {"send_id": 66, "rece_id": 67, "datetime": "2023-08-10T07:33:17.677Z", "notif_type": "V", "readed": false, "job_id": null, "testuser_id": null}}, {"model": "main.notifications", "pk": 25, "fields": {"send_id": 66, "rece_id": 67, "datetime": "2023-08-10T07:34:19.016Z", "notif_type": "V", "readed": false, "job_id": null, "testuser_id": null}}, {"model": "main.notifications", "pk": 26, "fields": {"send_id": 66, "rece_id": 67, "datetime": "2023-08-10T07:34:32.980Z", "notif_type": "M", "readed": false, "job_id": null, "testuser_id": null}}, {"model": "main.notifications", "pk": 27, "fields": {"send_id": 66, "rece_id": 67, "datetime": "2023-08-10T07:43:04.614Z", "notif_type": "V", "readed": false, "job_id": null, "testuser_id": null}}, {"model": "main.notifications", "pk": 28, "fields": {"send_id": 66, "rece_id": 33, "datetime": "2023-08-10T07:44:07.688Z", "notif_type": "V", "readed": true, "job_id": null, "testuser_id": null}}, {"model": "main.notifications", "pk": 29, "fields": {"send_id": 66, "rece_id": 33, "datetime": "2023-08-10T07:45:10.306Z", "notif_type": "V", "readed": true, "job_id": null, "testuser_id": null}}, {"model": "main.notifications", "pk": 30, "fields": {"send_id": 66, "rece_id": 33, "datetime": "2023-08-10T07:55:32.798Z", "notif_type": "V", "readed": true, "job_id": null, "testuser_id": null}}, {"model": "main.notifications", "pk": 31, "fields": {"send_id": 66, "rece_id": 67, "datetime": "2023-08-10T07:55:47.485Z", "notif_type": "V", "readed": false, "job_id": null, "testuser_id": null}}, {"model": "main.notifications", "pk": 32, "fields": {"send_id": 66, "rece_id": 67, "datetime": "2023-08-10T07:57:29.458Z", "notif_type": "V", "readed": false, "job_id": null, "testuser_id": null}}, {"model": "main.notifications", "pk": 33, "fields": {"send_id": 66, "rece_id": 67, "datetime": "2023-08-10T07:57:53.287Z", "notif_type": "V", "readed": false, "job_id": null, "testuser_id": null}}, {"model": "main.notifications", "pk": 34, "fields": {"send_id": 66, "rece_id": 33, "datetime": "2023-08-10T08:07:17.539Z", "notif_type": "T", "readed": true, "job_id": null, "testuser_id": null}}, {"model": "main.notifications", "pk": 35, "fields": {"send_id": 66, "rece_id": 67, "datetime": "2023-08-10T08:08:52.345Z", "notif_type": "V", "readed": false, "job_id": null, "testuser_id": null}}, {"model": "main.notifications", "pk": 36, "fields": {"send_id": 66, "rece_id": 67, "datetime": "2023-08-10T08:08:57.403Z", "notif_type": "V", "readed": false, "job_id": null, "testuser_id": null}}, {"model": "main.notifications", "pk": 37, "fields": {"send_id": 66, "rece_id": 67, "datetime": "2023-08-10T08:25:36.403Z", "notif_type": "V", "readed": false, "job_id": null, "testuser_id": null}}, {"model": "main.notifications", "pk": 38, "fields": {"send_id": 66, "rece_id": 67, "datetime": "2023-08-10T08:40:42.045Z", "notif_type": "V", "readed": false, "job_id": null, "testuser_id": null}}, {"model": "main.notifications", "pk": 39, "fields": {"send_id": 66, "rece_id": 33, "datetime": "2023-08-10T08:43:30.195Z", "notif_type": "V", "readed": true, "job_id": null, "testuser_id": null}}, {"model": "main.notifications", "pk": 40, "fields": {"send_id": 66, "rece_id": 67, "datetime": "2023-08-10T08:44:13.907Z", "notif_type": "V", "readed": false, "job_id": null, "testuser_id": null}}, {"model": "main.notifications", "pk": 41, "fields": {"send_id": 66, "rece_id": 67, "datetime": "2023-08-10T08:44:59.047Z", "notif_type": "T", "readed": false, "job_id": null, "testuser_id": null}}, {"model": "main.notifications", "pk": 42, "fields": {"send_id": 33, "rece_id": 66, "datetime": "2023-08-10T08:47:28.215Z", "notif_type": "T", "readed": true, "job_id": null, "testuser_id": 5}}, {"model": "main.notifications", "pk": 43, "fields": {"send_id": 67, "rece_id": 66, "datetime": "2023-08-10T08:48:47.956Z", "notif_type": "T", "readed": true, "job_id": null, "testuser_id": 6}}, {"model": "main.notifications", "pk": 44, "fields": {"send_id": 66, "rece_id": 67, "datetime": "2023-08-10T08:50:01.982Z", "notif_type": "V", "readed": false, "job_id": null, "testuser_id": null}}, {"model": "main.notifications", "pk": 45, "fields": {"send_id": 66, "rece_id": 67, "datetime": "2023-08-10T08:58:40.899Z", "notif_type": "V", "readed": false, "job_id": null, "testuser_id": null}}, {"model": "main.notifications", "pk": 46, "fields": {"send_id": 66, "rece_id": 67, "datetime": "2023-08-10T08:58:54.387Z", "notif_type": "V", "readed": false, "job_id": null, "testuser_id": null}}, {"model": "main.notifications", "pk": 47, "fields": {"send_id": 66, "rece_id": 67, "datetime": "2023-08-10T08:59:15.868Z", "notif_type": "V", "readed": false, "job_id": null, "testuser_id": null}}, {"model": "main.notifications", "pk": 48, "fields": {"send_id": 66, "rece_id": 67, "datetime": "2023-08-10T09:12:39.285Z", "notif_type": "V", "readed": false, "job_id": null, "testuser_id": null}}, {"model": "main.notifications", "pk": 49, "fields": {"send_id": 66, "rece_id": 67, "datetime": "2023-08-10T09:27:20.858Z", "notif_type": "V", "readed": false, "job_id": null, "testuser_id": null}}, {"model": "main.notifications", "pk": 50, "fields": {"send_id": 66, "rece_id": 67, "datetime": "2023-08-10T09:55:09.689Z", "notif_type": "V", "readed": false, "job_id": null, "testuser_id": null}}, {"model": "main.notifications", "pk": 51, "fields": {"send_id": 66, "rece_id": 67, "datetime": "2023-08-10T09:59:13.338Z", "notif_type": "V", "readed": false, "job_id": null, "testuser_id": null}}, {"model": "main.notifications", "pk": 52, "fields": {"send_id": 66, "rece_id": 67, "datetime": "2023-08-10T09:59:53.674Z", "notif_type": "V", "readed": false, "job_id": null, "testuser_id": null}}, {"model": "main.notifications", "pk": 53, "fields": {"send_id": 66, "rece_id": 67, "datetime": "2023-08-10T10:00:32.487Z", "notif_type": "V", "readed": false, "job_id": null, "testuser_id": null}}, {"model": "main.notifications", "pk": 54, "fields": {"send_id": 66, "rece_id": 67, "datetime": "2023-08-10T10:00:56.173Z", "notif_type": "V", "readed": false, "job_id": null, "testuser_id": null}}, {"model": "main.notifications", "pk": 55, "fields": {"send_id": 66, "rece_id": 67, "datetime": "2023-08-10T10:02:45.989Z", "notif_type": "V", "readed": false, "job_id": null, "testuser_id": null}}, {"model": "main.notifications", "pk": 56, "fields": {"send_id": 66, "rece_id": 33, "datetime": "2023-08-10T10:11:08.049Z", "notif_type": "V", "readed": true, "job_id": null, "testuser_id": null}}, {"model": "main.notifications", "pk": 57, "fields": {"send_id": 66, "rece_id": 33, "datetime": "2023-08-10T10:14:15.999Z", "notif_type": "V", "readed": true, "job_id": null, "testuser_id": null}}, {"model": "main.notifications", "pk": 58, "fields": {"send_id": 66, "rece_id": 33, "datetime": "2023-08-10T10:15:09.699Z", "notif_type": "V", "readed": true, "job_id": null, "testuser_id": null}}, {"model": "main.notifications", "pk": 59, "fields": {"send_id": 66, "rece_id": 67, "datetime": "2023-08-10T10:15:22.895Z", "notif_type": "V", "readed": false, "job_id": null, "testuser_id": null}}, {"model": "main.notifications", "pk": 60, "fields": {"send_id": 66, "rece_id": 67, "datetime": "2023-08-10T10:16:56.949Z", "notif_type": "V", "readed": false, "job_id": null, "testuser_id": null}}, {"model": "main.notifications", "pk": 61, "fields": {"send_id": 66, "rece_id": 67, "datetime": "2023-08-10T10:17:33.447Z", "notif_type": "V", "readed": false, "job_id": null, "testuser_id": null}}, {"model": "main.notifications", "pk": 62, "fields": {"send_id": 66, "rece_id": 33, "datetime": "2023-08-10T10:24:28.138Z", "notif_type": "V", "readed": true, "job_id": null, "testuser_id": null}}, {"model": "main.notifications", "pk": 63, "fields": {"send_id": 66, "rece_id": 67, "datetime": "2023-08-10T10:31:30.997Z", "notif_type": "V", "readed": false, "job_id": null, "testuser_id": null}}, {"model": "main.notifications", "pk": 64, "fields": {"send_id": 66, "rece_id": 68, "datetime": "2023-08-10T10:31:38.619Z", "notif_type": "V", "readed": false, "job_id": null, "testuser_id": null}}, {"model": "main.notifications", "pk": 65, "fields": {"send_id": 66, "rece_id": 67, "datetime": "2023-08-10T10:40:51.051Z", "notif_type": "V", "readed": false, "job_id": null, "testuser_id": null}}, {"model": "main.notifications", "pk": 66, "fields": {"send_id": 66, "rece_id": 68, "datetime": "2023-08-10T10:44:10.847Z", "notif_type": "V", "readed": false, "job_id": null, "testuser_id": null}}, {"model": "main.notifications", "pk": 67, "fields": {"send_id": 66, "rece_id": 68, "datetime": "2023-08-10T10:44:30.379Z", "notif_type": "V", "readed": false, "job_id": null, "testuser_id": null}}, {"model": "main.notifications", "pk": 68, "fields": {"send_id": 66, "rece_id": 68, "datetime": "2023-08-10T10:44:32.347Z", "notif_type": "V", "readed": false, "job_id": null, "testuser_id": null}}, {"model": "main.notifications", "pk": 69, "fields": {"send_id": 66, "rece_id": 68, "datetime": "2023-08-10T10:44:37.456Z", "notif_type": "V", "readed": false, "job_id": null, "testuser_id": null}}, {"model": "main.notifications", "pk": 70, "fields": {"send_id": 66, "rece_id": 68, "datetime": "2023-08-10T10:44:39.894Z", "notif_type": "V", "readed": false, "job_id": null, "testuser_id": null}}, {"model": "main.notifications", "pk": 71, "fields": {"send_id": 66, "rece_id": 68, "datetime": "2023-08-10T10:46:51.846Z", "notif_type": "V", "readed": false, "job_id": null, "testuser_id": null}}, {"model": "main.notifications", "pk": 72, "fields": {"send_id": 66, "rece_id": 68, "datetime": "2023-08-10T10:46:58.216Z", "notif_type": "V", "readed": false, "job_id": null, "testuser_id": null}}, {"model": "main.notifications", "pk": 73, "fields": {"send_id": 66, "rece_id": 33, "datetime": "2023-08-10T10:47:31.315Z", "notif_type": "V", "readed": true, "job_id": null, "testuser_id": null}}, {"model": "main.notifications", "pk": 74, "fields": {"send_id": 66, "rece_id": 67, "datetime": "2023-08-10T10:51:00.848Z", "notif_type": "V", "readed": false, "job_id": null, "testuser_id": null}}, {"model": "main.notifications", "pk": 75, "fields": {"send_id": 66, "rece_id": 68, "datetime": "2023-08-10T10:55:18.860Z", "notif_type": "V", "readed": false, "job_id": null, "testuser_id": null}}, {"model": "main.notifications", "pk": 76, "fields": {"send_id": 66, "rece_id": 68, "datetime": "2023-08-10T11:00:59.258Z", "notif_type": "V", "readed": false, "job_id": null, "testuser_id": null}}, {"model": "main.notifications", "pk": 77, "fields": {"send_id": 66, "rece_id": 68, "datetime": "2023-08-11T06:16:49.242Z", "notif_type": "T", "readed": false, "job_id": null, "testuser_id": null}}, {"model": "main.notifications", "pk": 78, "fields": {"send_id": 66, "rece_id": 67, "datetime": "2023-08-11T06:17:53.854Z", "notif_type": "T", "readed": false, "job_id": null, "testuser_id": null}}, {"model": "main.notifications", "pk": 79, "fields": {"send_id": 66, "rece_id": 68, "datetime": "2023-08-11T06:18:03.785Z", "notif_type": "T", "readed": false, "job_id": null, "testuser_id": null}}, {"model": "main.notifications", "pk": 80, "fields": {"send_id": 67, "rece_id": 66, "datetime": "2023-08-11T06:18:59.885Z", "notif_type": "T", "readed": true, "job_id": null, "testuser_id": 8}}, {"model": "main.notifications", "pk": 81, "fields": {"send_id": 66, "rece_id": 67, "datetime": "2023-08-11T06:20:27.842Z", "notif_type": "I", "readed": false, "job_id": null, "testuser_id": null}}, {"model": "main.notifications", "pk": 82, "fields": {"send_id": 66, "rece_id": 33, "datetime": "2023-08-11T06:24:57.774Z", "notif_type": "I", "readed": true, "job_id": null, "testuser_id": null}}, {"model": "main.notifications", "pk": 83, "fields": {"send_id": 66, "rece_id": 69, "datetime": "2023-08-11T07:47:20.227Z", "notif_type": "T", "readed": false, "job_id": null, "testuser_id": null}}, {"model": "main.notifications", "pk": 84, "fields": {"send_id": 66, "rece_id": 70, "datetime": "2023-08-11T10:41:46.906Z", "notif_type": "T", "readed": true, "job_id": null, "testuser_id": null}}, {"model": "main.notifications", "pk": 85, "fields": {"send_id": 66, "rece_id": 71, "datetime": "2023-08-12T07:53:07.268Z", "notif_type": "T", "readed": true, "job_id": null, "testuser_id": null}}, {"model": "main.notifications", "pk": 86, "fields": {"send_id": 71, "rece_id": 66, "datetime": "2023-08-12T08:15:29.601Z", "notif_type": "T", "readed": true, "job_id": null, "testuser_id": 12}}, {"model": "main.notifications", "pk": 87, "fields": {"send_id": 66, "rece_id": 71, "datetime": "2023-08-12T08:36:28.051Z", "notif_type": "I", "readed": true, "job_id": null, "testuser_id": null}}, {"model": "main.notifications", "pk": 88, "fields": {"send_id": 66, "rece_id": 70, "datetime": "2023-08-12T10:13:06.870Z", "notif_type": "T", "readed": true, "job_id": null, "testuser_id": null}}, {"model": "main.notifications", "pk": 89, "fields": {"send_id": 66, "rece_id": 69, "datetime": "2023-08-12T10:33:59.540Z", "notif_type": "T", "readed": false, "job_id": null, "testuser_id": null}}, {"model": "main.notifications", "pk": 90, "fields": {"send_id": 66, "rece_id": 70, "datetime": "2023-08-12T10:34:28.819Z", "notif_type": "T", "readed": true, "job_id": null, "testuser_id": null}}, {"model": "main.notifications", "pk": 91, "fields": {"send_id": 66, "rece_id": 70, "datetime": "2023-08-12T10:34:47.828Z", "notif_type": "V", "readed": true, "job_id": null, "testuser_id": null}}, {"model": "main.notifications", "pk": 92, "fields": {"send_id": 70, "rece_id": 66, "datetime": "2023-08-12T10:55:45.739Z", "notif_type": "V", "readed": true, "job_id": null, "testuser_id": null}}, {"model": "main.notifications", "pk": 93, "fields": {"send_id": 70, "rece_id": 66, "datetime": "2023-08-12T11:02:36.533Z", "notif_type": "T", "readed": true, "job_id": null, "testuser_id": 15}}, {"model": "main.notifications", "pk": 94, "fields": {"send_id": 70, "rece_id": 66, "datetime": "2023-08-12T11:02:56.332Z", "notif_type": "T", "readed": true, "job_id": null, "testuser_id": 13}}, {"model": "main.notifications", "pk": 95, "fields": {"send_id": 66, "rece_id": 70, "datetime": "2023-08-12T11:03:50.074Z", "notif_type": "I", "readed": true, "job_id": null, "testuser_id": null}}, {"model": "main.notifications", "pk": 96, "fields": {"send_id": 66, "rece_id": 33, "datetime": "2023-08-17T10:37:23.929Z", "notif_type": "V", "readed": true, "job_id": null, "testuser_id": null}}, {"model": "main.notifications", "pk": 97, "fields": {"send_id": 66, "rece_id": 70, "datetime": "2023-08-18T07:50:08.943Z", "notif_type": "V", "readed": true, "job_id": null, "testuser_id": null}}, {"model": "main.notifications", "pk": 98, "fields": {"send_id": 66, "rece_id": 54, "datetime": "2023-08-18T07:51:25.560Z", "notif_type": "V", "readed": false, "job_id": null, "testuser_id": null}}, {"model": "main.notifications", "pk": 99, "fields": {"send_id": 66, "rece_id": 41, "datetime": "2023-08-18T07:51:34.570Z", "notif_type": "V", "readed": false, "job_id": null, "testuser_id": null}}, {"model": "main.notifications", "pk": 100, "fields": {"send_id": 66, "rece_id": 44, "datetime": "2023-08-18T07:51:38.688Z", "notif_type": "V", "readed": false, "job_id": null, "testuser_id": null}}, {"model": "main.notifications", "pk": 101, "fields": {"send_id": 66, "rece_id": 39, "datetime": "2023-08-18T07:51:46.090Z", "notif_type": "V", "readed": false, "job_id": null, "testuser_id": null}}, {"model": "main.notifications", "pk": 102, "fields": {"send_id": 66, "rece_id": 64, "datetime": "2023-08-18T10:50:19.945Z", "notif_type": "V", "readed": false, "job_id": null, "testuser_id": null}}, {"model": "main.notifications", "pk": 103, "fields": {"send_id": 66, "rece_id": 67, "datetime": "2023-08-19T05:37:17.117Z", "notif_type": "M", "readed": false, "job_id": null, "testuser_id": null}}, {"model": "main.notifications", "pk": 104, "fields": {"send_id": 66, "rece_id": 70, "datetime": "2023-08-22T09:46:26.456Z", "notif_type": "I", "readed": true, "job_id": null, "testuser_id": null}}, {"model": "main.notifications", "pk": 105, "fields": {"send_id": 66, "rece_id": 70, "datetime": "2023-08-22T10:13:55.794Z", "notif_type": "V", "readed": true, "job_id": null, "testuser_id": null}}, {"model": "main.notifications", "pk": 107, "fields": {"send_id": 66, "rece_id": 33, "datetime": "2023-08-23T09:38:42.872Z", "notif_type": "T", "readed": true, "job_id": null, "testuser_id": null}}, {"model": "main.notifications", "pk": 108, "fields": {"send_id": 66, "rece_id": 33, "datetime": "2023-08-23T10:14:58.695Z", "notif_type": "T", "readed": true, "job_id": null, "testuser_id": null}}, {"model": "main.notifications", "pk": 109, "fields": {"send_id": 66, "rece_id": 33, "datetime": "2023-08-23T10:20:06.837Z", "notif_type": "T", "readed": true, "job_id": null, "testuser_id": null}}, {"model": "main.notifications", "pk": 110, "fields": {"send_id": 66, "rece_id": 33, "datetime": "2023-08-23T10:22:07.538Z", "notif_type": "T", "readed": true, "job_id": null, "testuser_id": null}}, {"model": "main.notifications", "pk": 111, "fields": {"send_id": 66, "rece_id": 33, "datetime": "2023-08-23T10:24:05.473Z", "notif_type": "T", "readed": true, "job_id": null, "testuser_id": null}}, {"model": "main.notifications", "pk": 112, "fields": {"send_id": 66, "rece_id": 33, "datetime": "2023-08-23T10:27:19.709Z", "notif_type": "T", "readed": true, "job_id": null, "testuser_id": null}}, {"model": "main.notifications", "pk": 113, "fields": {"send_id": 33, "rece_id": 66, "datetime": "2023-08-23T10:31:00.074Z", "notif_type": "T", "readed": true, "job_id": null, "testuser_id": 21}}, {"model": "main.notifications", "pk": 114, "fields": {"send_id": 66, "rece_id": 33, "datetime": "2023-08-23T11:09:18.034Z", "notif_type": "I", "readed": false, "job_id": null, "testuser_id": null}}, {"model": "main.notifications", "pk": 115, "fields": {"send_id": 66, "rece_id": 33, "datetime": "2023-08-23T11:38:10.293Z", "notif_type": "T", "readed": false, "job_id": null, "testuser_id": null}}, {"model": "main.notifications", "pk": 116, "fields": {"send_id": 66, "rece_id": 70, "datetime": "2023-08-23T11:59:09.367Z", "notif_type": "T", "readed": false, "job_id": null, "testuser_id": null}}, {"model": "main.notifications", "pk": 117, "fields": {"send_id": 70, "rece_id": 66, "datetime": "2023-08-23T11:59:49.443Z", "notif_type": "T", "readed": true, "job_id": null, "testuser_id": 23}}, {"model": "main.notifications", "pk": 118, "fields": {"send_id": 66, "rece_id": 70, "datetime": "2023-08-24T02:52:08.881Z", "notif_type": "T", "readed": false, "job_id": null, "testuser_id": null}}, {"model": "main.notifications", "pk": 119, "fields": {"send_id": 66, "rece_id": 70, "datetime": "2023-08-24T02:57:50.363Z", "notif_type": "T", "readed": false, "job_id": null, "testuser_id": null}}, {"model": "main.notifications", "pk": 121, "fields": {"send_id": 66, "rece_id": 70, "datetime": "2023-08-24T03:42:15.234Z", "notif_type": "T", "readed": false, "job_id": null, "testuser_id": null}}, {"model": "main.notifications", "pk": 122, "fields": {"send_id": 66, "rece_id": 70, "datetime": "2023-08-24T03:42:59.749Z", "notif_type": "T", "readed": false, "job_id": null, "testuser_id": null}}, {"model": "main.notifications", "pk": 123, "fields": {"send_id": 70, "rece_id": 66, "datetime": "2023-08-24T03:44:18.345Z", "notif_type": "T", "readed": true, "job_id": null, "testuser_id": 26}}, {"model": "main.notifications", "pk": 124, "fields": {"send_id": 70, "rece_id": 66, "datetime": "2023-08-24T03:44:32.320Z", "notif_type": "T", "readed": true, "job_id": null, "testuser_id": 27}}, {"model": "main.notifications", "pk": 125, "fields": {"send_id": 66, "rece_id": 52, "datetime": "2023-08-24T08:23:11.908Z", "notif_type": "V", "readed": false, "job_id": null, "testuser_id": null}}, {"model": "main.notifications", "pk": 126, "fields": {"send_id": 66, "rece_id": 55, "datetime": "2023-08-24T08:23:15.780Z", "notif_type": "V", "readed": false, "job_id": null, "testuser_id": null}}, {"model": "main.notifications", "pk": 127, "fields": {"send_id": 66, "rece_id": 47, "datetime": "2023-08-24T08:23:18.576Z", "notif_type": "V", "readed": false, "job_id": null, "testuser_id": null}}, {"model": "main.notifications", "pk": 128, "fields": {"send_id": 66, "rece_id": 70, "datetime": "2023-08-24T08:23:22.904Z", "notif_type": "V", "readed": false, "job_id": null, "testuser_id": null}}, {"model": "main.notifications", "pk": 129, "fields": {"send_id": 66, "rece_id": 71, "datetime": "2023-08-24T08:23:41.618Z", "notif_type": "V", "readed": false, "job_id": null, "testuser_id": null}}, {"model": "main.notifications", "pk": 130, "fields": {"send_id": 66, "rece_id": 70, "datetime": "2023-08-24T08:23:57.768Z", "notif_type": "V", "readed": false, "job_id": null, "testuser_id": null}}, {"model": "main.notifications", "pk": 131, "fields": {"send_id": 66, "rece_id": 70, "datetime": "2023-08-24T08:56:39.279Z", "notif_type": "V", "readed": false, "job_id": null, "testuser_id": null}}, {"model": "main.notifications", "pk": 132, "fields": {"send_id": 66, "rece_id": 70, "datetime": "2023-08-24T09:05:34.360Z", "notif_type": "I", "readed": false, "job_id": null, "testuser_id": null}}, {"model": "main.notifications", "pk": 133, "fields": {"send_id": 66, "rece_id": 70, "datetime": "2023-08-24T09:12:07.804Z", "notif_type": "V", "readed": false, "job_id": null, "testuser_id": null}}, {"model": "main.notifications", "pk": 134, "fields": {"send_id": 66, "rece_id": 70, "datetime": "2023-08-24T09:12:13.651Z", "notif_type": "V", "readed": false, "job_id": null, "testuser_id": null}}, {"model": "main.notifications", "pk": 135, "fields": {"send_id": 66, "rece_id": 70, "datetime": "2023-08-24T10:49:34.347Z", "notif_type": "I", "readed": false, "job_id": null, "testuser_id": null}}, {"model": "main.notifications", "pk": 136, "fields": {"send_id": 66, "rece_id": 67, "datetime": "2023-08-25T10:06:48.140Z", "notif_type": "V", "readed": false, "job_id": null, "testuser_id": null}}, {"model": "main.notifications", "pk": 137, "fields": {"send_id": 66, "rece_id": 33, "datetime": "2023-08-25T12:58:02.110Z", "notif_type": "V", "readed": false, "job_id": null, "testuser_id": null}}, {"model": "main.notifications", "pk": 138, "fields": {"send_id": 66, "rece_id": 33, "datetime": "2023-08-25T12:58:25.200Z", "notif_type": "T", "readed": false, "job_id": null, "testuser_id": null}}, {"model": "main.notifications", "pk": 139, "fields": {"send_id": 33, "rece_id": 66, "datetime": "2023-08-25T13:00:09.194Z", "notif_type": "T", "readed": true, "job_id": null, "testuser_id": 28}}, {"model": "main.notifications", "pk": 140, "fields": {"send_id": 66, "rece_id": 33, "datetime": "2023-08-25T13:01:58.465Z", "notif_type": "I", "readed": false, "job_id": null, "testuser_id": null}}, {"model": "main.notifications", "pk": 141, "fields": {"send_id": 66, "rece_id": 33, "datetime": "2023-08-25T13:24:01.587Z", "notif_type": "I", "readed": false, "job_id": null, "testuser_id": null}}, {"model": "main.notifications", "pk": 142, "fields": {"send_id": 66, "rece_id": 33, "datetime": "2023-08-25T13:27:40.653Z", "notif_type": "I", "readed": false, "job_id": null, "testuser_id": null}}, {"model": "main.notifications", "pk": 143, "fields": {"send_id": 66, "rece_id": 33, "datetime": "2023-08-25T13:29:55.210Z", "notif_type": "I", "readed": false, "job_id": null, "testuser_id": null}}, {"model": "main.notifications", "pk": 144, "fields": {"send_id": 66, "rece_id": 33, "datetime": "2023-08-25T13:31:39.948Z", "notif_type": "I", "readed": false, "job_id": null, "testuser_id": null}}, {"model": "main.notifications", "pk": 145, "fields": {"send_id": 66, "rece_id": 33, "datetime": "2023-08-25T13:33:28.168Z", "notif_type": "I", "readed": false, "job_id": null, "testuser_id": null}}, {"model": "main.notifications", "pk": 146, "fields": {"send_id": 66, "rece_id": 33, "datetime": "2023-08-28T05:52:18.242Z", "notif_type": "T", "readed": false, "job_id": null, "testuser_id": null}}, {"model": "main.interview", "pk": 2, "fields": {"user_id": 720061200, "eid": 833965419, "apply_id": null, "int_link": "https://ad-30.github.io", "schedule_date": "2023-08-23T16:05:00Z", "is_done": false, "is_feedgiven": false, "cand_feedback": null, "testuser_id": null, "panel_req": 0}}, {"model": "main.interview", "pk": 3, "fields": {"user_id": 450211284, "eid": 833965419, "apply_id": null, "int_link": "https://ad-30.github.io/SyncX", "schedule_date": "2023-08-12T14:30:00Z", "is_done": true, "is_feedgiven": false, "cand_feedback": null, "testuser_id": null, "panel_req": 0}}, {"model": "main.interview", "pk": 7, "fields": {"user_id": 373315377, "eid": 833965419, "apply_id": 27, "int_link": "https://ad-30.github.io", "schedule_date": "2023-08-24T14:34:00Z", "is_done": true, "is_feedgiven": true, "cand_feedback": null, "testuser_id": null, "panel_req": 0}}, {"model": "main.interview", "pk": 8, "fields": {"user_id": 373315377, "eid": 833965419, "apply_id": 28, "int_link": "https://ad-30.github.io", "schedule_date": "2023-08-24T17:00:00Z", "is_done": true, "is_feedgiven": true, "cand_feedback": null, "testuser_id": null, "panel_req": 0}}, {"model": "main.interview", "pk": 14, "fields": {"user_id": 720061200, "eid": 833965419, "apply_id": 29, "int_link": "https://ad-30.github.io/Syncx", "schedule_date": "2023-08-26T00:03:00Z", "is_done": false, "is_feedgiven": false, "cand_feedback": null, "testuser_id": null, "panel_req": 0}}, {"model": "main.feedback", "pk": 1, "fields": {"int_id": 7, "emp_feedback": "asdfsd", "name": "modified", "rating": 3}}, {"model": "main.feedback", "pk": 2, "fields": {"int_id": 8, "emp_feedback": "dsfsd", "name": "Aditya vyas", "rating": null}}, {"model": "main.resumefeedback", "pk": 1, "fields": {"job_id": 788024617, "rating": 5}}, {"model": "main.allskills", "pk": 1, "fields": {"skill": "Angular JS / Node Js"}}, {"model": "main.allskills", "pk": 2, "fields": {"skill": "App Development(iOS,Android,Windows)"}}, {"model": "main.allskills", "pk": 3, "fields": {"skill": "C / C++"}}, {"model": "main.allskills", "pk": 4, "fields": {"skill": "Networking / CCNA"}}, {"model": "main.allskills", "pk": 5, "fields": {"skill": "c#"}}, {"model": "main.allskills", "pk": 6, "fields": {"skill": "Big Data / Hadoop"}}, {"model": "main.allskills", "pk": 7, "fields": {"skill": "Cloud Computing"}}, {"model": "main.allskills", "pk": 8, "fields": {"skill": "Embedded Systems"}}, {"model": "main.allskills", "pk": 9, "fields": {"skill": "Java / J2EE"}}, {"model": "main.allskills", "pk": 10, "fields": {"skill": "Linux / Unix"}}, {"model": "main.allskills", "pk": 11, "fields": {"skill": "MySQL / Database"}}, {"model": "main.allskills", "pk": 12, "fields": {"skill": "Data Analytics/Data Science/Machine Learning"}}, {"model": "main.allskills", "pk": 13, "fields": {"skill": "MongoDB"}}, {"model": "main.allskills", "pk": 14, "fields": {"skill": "Django"}}, {"model": "main.allskills", "pk": 15, "fields": {"skill": "Animation / Multimedia"}}, {"model": "main.allskills", "pk": 16, "fields": {"skill": "Data Warehousing"}}, {"model": "main.allskills", "pk": 17, "fields": {"skill": "Computer Hardware"}}, {"model": "main.allskills", "pk": 18, "fields": {"skill": "Ethical Hacking"}}, {"model": "main.allskills", "pk": 19, "fields": {"skill": "Oracle"}}, {"model": "main.allskills", "pk": 20, "fields": {"skill": "PHP"}}, {"model": "main.allskills", "pk": 21, "fields": {"skill": "Python"}}, {"model": "main.allskills", "pk": 22, "fields": {"skill": "Red Hat"}}, {"model": "main.allskills", "pk": 23, "fields": {"skill": "PLC/Automation/SCADA"}}, {"model": "main.allskills", "pk": 24, "fields": {"skill": "Ruby on Rails"}}, {"model": "main.allskills", "pk": 25, "fields": {"skill": "SAP/SAS/ERP"}}, {"model": "main.allskills", "pk": 26, "fields": {"skill": "Software Testing"}}, {"model": "main.allskills", "pk": 27, "fields": {"skill": "Web Desigining"}}, {"model": "main.allskills", "pk": 28, "fields": {"skill": "Mainframe"}}, {"model": "main.allskills", "pk": 29, "fields": {"skill": ".Net"}}, {"model": "main.allskills", "pk": 30, "fields": {"skill": "VLSI"}}, {"model": "main.allskills", "pk": 31, "fields": {"skill": "IOT"}}, {"model": "main.allskills", "pk": 32, "fields": {"skill": "DevOps"}}, {"model": "main.allskills", "pk": 33, "fields": {"skill": "UI/UX Designing"}}, {"model": "main.allskills", "pk": 34, "fields": {"skill": "System Admin"}}, {"model": "main.allskills", "pk": 35, "fields": {"skill": "PCB Design"}}, {"model": "main.allskills", "pk": 36, "fields": {"skill": "Solaris"}}, {"model": "main.allskills", "pk": 37, "fields": {"skill": "Accounting & Finance"}}, {"model": "main.allskills", "pk": 38, "fields": {"skill": "Autocad / CAD"}}, {"model": "main.allskills", "pk": 39, "fields": {"skill": "HR / Admin"}}, {"model": "main.allskills", "pk": 40, "fields": {"skill": "Industrial Training"}}, {"model": "main.allskills", "pk": 41, "fields": {"skill": "Graphic Design"}}, {"model": "main.allskills", "pk": 42, "fields": {"skill": "Digital Marketing"}}, {"model": "main.allskills", "pk": 43, "fields": {"skill": "Business Analyst"}}, {"model": "main.allskills", "pk": 44, "fields": {"skill": "Microsoft Office"}}, {"model": "main.allskills", "pk": 45, "fields": {"skill": "Access"}}, {"model": "main.allskills", "pk": 46, "fields": {"skill": "Accounting Software"}}, {"model": "main.allskills", "pk": 47, "fields": {"skill": "Accounts payable"}}, {"model": "main.allskills", "pk": 48, "fields": {"skill": "Acrobat"}}, {"model": "main.allskills", "pk": 49, "fields": {"skill": "Acute care"}}, {"model": "main.allskills", "pk": 50, "fields": {"skill": "Ad design"}}, {"model": "main.allskills", "pk": 51, "fields": {"skill": "Advanced Cardiac Life Support (ACLS)"}}, {"model": "main.allskills", "pk": 52, "fields": {"skill": "Agile Business Analysis"}}, {"model": "main.allskills", "pk": 53, "fields": {"skill": "AJAX"}}, {"model": "main.allskills", "pk": 54, "fields": {"skill": "Algebra"}}, {"model": "main.allskills", "pk": 55, "fields": {"skill": "Analysis"}}, {"model": "main.allskills", "pk": 56, "fields": {"skill": "Analytical skills"}}, {"model": "main.allskills", "pk": 57, "fields": {"skill": "API ( Application Programming Interface)"}}, {"model": "main.allskills", "pk": 58, "fields": {"skill": "ASP.NET"}}, {"model": "main.allskills", "pk": 59, "fields": {"skill": "Assessment"}}, {"model": "main.allskills", "pk": 60, "fields": {"skill": "Big Data Analysis & SQL"}}, {"model": "main.allskills", "pk": 61, "fields": {"skill": "Bookkeeping through Excel or TurboTax"}}, {"model": "main.allskills", "pk": 62, "fields": {"skill": "Brand management"}}, {"model": "main.allskills", "pk": 63, "fields": {"skill": "Business Continuity Planning"}}, {"model": "main.allskills", "pk": 64, "fields": {"skill": "Business Process Modeling"}}, {"model": "main.allskills", "pk": 65, "fields": {"skill": "C"}}, {"model": "main.allskills", "pk": 66, "fields": {"skill": "C++"}}, {"model": "main.allskills", "pk": 67, "fields": {"skill": "Calculus"}}, {"model": "main.allskills", "pk": 68, "fields": {"skill": "Cash Flow Management"}}, {"model": "main.allskills", "pk": 69, "fields": {"skill": "Cloud networking and file sharing"}}, {"model": "main.allskills", "pk": 70, "fields": {"skill": "Cognos Analytics (IBM)"}}, {"model": "main.allskills", "pk": 71, "fields": {"skill": "Communication"}}, {"model": "main.allskills", "pk": 72, "fields": {"skill": "Comparative analyses"}}, {"model": "main.allskills", "pk": 73, "fields": {"skill": "Content Management Systems (CMS)"}}, {"model": "main.allskills", "pk": 74, "fields": {"skill": "Copywriting"}}, {"model": "main.allskills", "pk": 75, "fields": {"skill": "Corel Draw"}}, {"model": "main.allskills", "pk": 76, "fields": {"skill": "Cost-assessment"}}, {"model": "main.allskills", "pk": 77, "fields": {"skill": "CPR"}}, {"model": "main.allskills", "pk": 78, "fields": {"skill": "Critical thinking"}}, {"model": "main.allskills", "pk": 79, "fields": {"skill": "CRO and A/B Testing"}}, {"model": "main.allskills", "pk": 80, "fields": {"skill": "CSS"}}, {"model": "main.allskills", "pk": 81, "fields": {"skill": "Customer Interaction"}}, {"model": "main.allskills", "pk": 82, "fields": {"skill": "Customer Relationship Management (CRM)"}}, {"model": "main.allskills", "pk": 83, "fields": {"skill": "Data analysis"}}, {"model": "main.allskills", "pk": 84, "fields": {"skill": "Data entry"}}, {"model": "main.allskills", "pk": 85, "fields": {"skill": "Data Mapping"}}, {"model": "main.allskills", "pk": 86, "fields": {"skill": "Decision-making"}}, {"model": "main.allskills", "pk": 87, "fields": {"skill": "Digital printing"}}, {"model": "main.allskills", "pk": 88, "fields": {"skill": "Docs"}}, {"model": "main.allskills", "pk": 89, "fields": {"skill": "Dreamweaver"}}, {"model": "main.allskills", "pk": 90, "fields": {"skill": "Editing"}}, {"model": "main.allskills", "pk": 91, "fields": {"skill": "Email"}}, {"model": "main.allskills", "pk": 92, "fields": {"skill": "Email marketing"}}, {"model": "main.allskills", "pk": 93, "fields": {"skill": "Employee time tracking"}}, {"model": "main.allskills", "pk": 94, "fields": {"skill": "Enterprise Resource Planning"}}, {"model": "main.allskills", "pk": 95, "fields": {"skill": "Enterprise Resource Planning ERPs like SAP"}}, {"model": "main.allskills", "pk": 96, "fields": {"skill": "Entity Relationship Diagrams"}}, {"model": "main.allskills", "pk": 97, "fields": {"skill": "Excel"}}, {"model": "main.allskills", "pk": 98, "fields": {"skill": "Forms"}}, {"model": "main.allskills", "pk": 99, "fields": {"skill": "Free Hand"}}, {"model": "main.allskills", "pk": 100, "fields": {"skill": "Geometry"}}, {"model": "main.allskills", "pk": 101, "fields": {"skill": "GUI"}}, {"model": "main.allskills", "pk": 102, "fields": {"skill": "Hive"}}, {"model": "main.allskills", "pk": 103, "fields": {"skill": "HR Recruiter"}}, {"model": "main.allskills", "pk": 104, "fields": {"skill": "HR"}}, {"model": "main.allskills", "pk": 105, "fields": {"skill": "HTML"}}, {"model": "main.allskills", "pk": 106, "fields": {"skill": "InDesign"}}, {"model": "main.allskills", "pk": 107, "fields": {"skill": "Infographics"}}, {"model": "main.allskills", "pk": 108, "fields": {"skill": "Invoicing"}}, {"model": "main.allskills", "pk": 109, "fields": {"skill": "Java"}}, {"model": "main.allskills", "pk": 110, "fields": {"skill": "Javascript"}}, {"model": "main.allskills", "pk": 111, "fields": {"skill": "Journalism"}}, {"model": "main.allskills", "pk": 112, "fields": {"skill": "Logo creation"}}, {"model": "main.allskills", "pk": 113, "fields": {"skill": "Machine learning"}}, {"model": "main.allskills", "pk": 114, "fields": {"skill": "Marketing"}}, {"model": "main.allskills", "pk": 115, "fields": {"skill": "Mathematics"}}, {"model": "main.allskills", "pk": 116, "fields": {"skill": "Matlab"}}, {"model": "main.allskills", "pk": 117, "fields": {"skill": "Microsoft Excel (Advanced)"}}, {"model": "main.allskills", "pk": 118, "fields": {"skill": "Microsoft Visio"}}, {"model": "main.allskills", "pk": 119, "fields": {"skill": "MS Office"}}, {"model": "main.allskills", "pk": 120, "fields": {"skill": "Networking"}}, {"model": "main.allskills", "pk": 121, "fields": {"skill": "Objective-C"}}, {"model": "main.allskills", "pk": 122, "fields": {"skill": "OneNote"}}, {"model": "main.allskills", "pk": 123, "fields": {"skill": "OpenOffice"}}, {"model": "main.allskills", "pk": 124, "fields": {"skill": "Outlook"}}, {"model": "main.allskills", "pk": 125, "fields": {"skill": "Patient care and assistance"}}, {"model": "main.allskills", "pk": 126, "fields": {"skill": "Payment Processing"}}, {"model": "main.allskills", "pk": 127, "fields": {"skill": "Payroll"}}, {"model": "main.allskills", "pk": 128, "fields": {"skill": "Perl"}}, {"model": "main.allskills", "pk": 129, "fields": {"skill": "Photo editing"}}, {"model": "main.allskills", "pk": 130, "fields": {"skill": "Photoshop"}}, {"model": "main.allskills", "pk": 131, "fields": {"skill": "Pivot tables"}}, {"model": "main.allskills", "pk": 132, "fields": {"skill": "Powerpoint"}}, {"model": "main.allskills", "pk": 133, "fields": {"skill": "Problem-solving"}}, {"model": "main.allskills", "pk": 134, "fields": {"skill": "Public speaking"}}, {"model": "main.allskills", "pk": 135, "fields": {"skill": "Publisher"}}, {"model": "main.allskills", "pk": 136, "fields": {"skill": "R Programing"}}, {"model": "main.allskills", "pk": 137, "fields": {"skill": "Record keeping"}}, {"model": "main.allskills", "pk": 138, "fields": {"skill": "Recording"}}, {"model": "main.allskills", "pk": 139, "fields": {"skill": "Reports"}}, {"model": "main.allskills", "pk": 140, "fields": {"skill": "Research & Data analysis"}}, {"model": "main.allskills", "pk": 141, "fields": {"skill": "Risk Management"}}, {"model": "main.allskills", "pk": 142, "fields": {"skill": "Ruby with SQL"}}, {"model": "main.allskills", "pk": 143, "fields": {"skill": "Sales"}}, {"model": "main.allskills", "pk": 144, "fields": {"skill": "SAS"}}, {"model": "main.allskills", "pk": 145, "fields": {"skill": "Scala"}}, {"model": "main.allskills", "pk": 146, "fields": {"skill": "Scrum"}}, {"model": "main.allskills", "pk": 147, "fields": {"skill": "Search Engine and Keyword Optimization"}}, {"model": "main.allskills", "pk": 148, "fields": {"skill": "SEO"}}, {"model": "main.allskills", "pk": 149, "fields": {"skill": "SEO/SEM"}}, {"model": "main.allskills", "pk": 150, "fields": {"skill": "Social media"}}, {"model": "main.allskills", "pk": 151, "fields": {"skill": "Social media and mobile marketing"}}, {"model": "main.allskills", "pk": 152, "fields": {"skill": "Spreadsheets"}}, {"model": "main.allskills", "pk": 153, "fields": {"skill": "SPSS"}}, {"model": "main.allskills", "pk": 154, "fields": {"skill": "SQL"}}, {"model": "main.allskills", "pk": 155, "fields": {"skill": "STATA"}}, {"model": "main.allskills", "pk": 156, "fields": {"skill": "Statistics"}}, {"model": "main.allskills", "pk": 157, "fields": {"skill": "Storyboarding"}}, {"model": "main.allskills", "pk": 158, "fields": {"skill": "Storytelling"}}, {"model": "main.allskills", "pk": 159, "fields": {"skill": "Stress management"}}, {"model": "main.allskills", "pk": 160, "fields": {"skill": "Surgery preparation"}}, {"model": "main.allskills", "pk": 161, "fields": {"skill": "System Context Diagrams"}}, {"model": "main.allskills", "pk": 162, "fields": {"skill": "Task management"}}, {"model": "main.allskills", "pk": 163, "fields": {"skill": "Technical and non-technical communication"}}, {"model": "main.allskills", "pk": 164, "fields": {"skill": "Technical writing"}}, {"model": "main.allskills", "pk": 165, "fields": {"skill": "Technological & digital literacy"}}, {"model": "main.allskills", "pk": 166, "fields": {"skill": "Telemetry"}}, {"model": "main.allskills", "pk": 167, "fields": {"skill": "Testing"}}, {"model": "main.allskills", "pk": 168, "fields": {"skill": "Todoist"}}, {"model": "main.allskills", "pk": 169, "fields": {"skill": "Trello"}}, {"model": "main.allskills", "pk": 170, "fields": {"skill": "Trigonometry"}}, {"model": "main.allskills", "pk": 171, "fields": {"skill": "Typography"}}, {"model": "main.allskills", "pk": 172, "fields": {"skill": "Vertical lookups"}}, {"model": "main.allskills", "pk": 173, "fields": {"skill": "Visual Basic"}}, {"model": "main.allskills", "pk": 174, "fields": {"skill": "Voicemail"}}, {"model": "main.allskills", "pk": 175, "fields": {"skill": "Web analytics"}}, {"model": "main.allskills", "pk": 176, "fields": {"skill": "Web scraping"}}, {"model": "main.allskills", "pk": 177, "fields": {"skill": "Wireframes"}}, {"model": "main.allskills", "pk": 178, "fields": {"skill": "Word"}}, {"model": "main.allskills", "pk": 179, "fields": {"skill": "Wordpress"}}, {"model": "main.allskills", "pk": 180, "fields": {"skill": "XML"}}, {"model": "main.allskills", "pk": 181, "fields": {"skill": "Yoast"}}, {"model": "main.allskills", "pk": 182, "fields": {"skill": "Zapier"}}, {"model": "main.roledetails", "pk": 1, "fields": {"role": "3D Artist"}}, {"model": "main.roledetails", "pk": 2, "fields": {"role": "Accountant"}}, {"model": "main.roledetails", "pk": 3, "fields": {"role": "Administrative Assistant"}}, {"model": "main.roledetails", "pk": 4, "fields": {"role": "AI Specialist"}}, {"model": "main.roledetails", "pk": 5, "fields": {"role": "Android Developer"}}, {"model": "main.roledetails", "pk": 6, "fields": {"role": "Architect"}}, {"model": "main.roledetails", "pk": 7, "fields": {"role": "Art Director"}}, {"model": "main.roledetails", "pk": 8, "fields": {"role": "Artificial Intelligence Specialist"}}, {"model": "main.roledetails", "pk": 9, "fields": {"role": "Automation Engineer"}}, {"model": "main.roledetails", "pk": 10, "fields": {"role": "Brand Manager"}}, {"model": "main.roledetails", "pk": 11, "fields": {"role": "Blockchain Developer"}}, {"model": "main.roledetails", "pk": 12, "fields": {"role": "Business Analyst"}}, {"model": "main.roledetails", "pk": 13, "fields": {"role": "Business Intelligence Analyst"}}, {"model": "main.roledetails", "pk": 14, "fields": {"role": "Chef"}}, {"model": "main.roledetails", "pk": 15, "fields": {"role": "Civil Engineer"}}, {"model": "main.roledetails", "pk": 16, "fields": {"role": "Cloud Architect"}}, {"model": "main.roledetails", "pk": 17, "fields": {"role": "Cloud Solutions Architect"}}, {"model": "main.roledetails", "pk": 18, "fields": {"role": "Content Writer"}}, {"model": "main.roledetails", "pk": 19, "fields": {"role": "Customer Service Rep"}}, {"model": "main.roledetails", "pk": 20, "fields": {"role": "Cybersecurity Analyst"}}, {"model": "main.roledetails", "pk": 21, "fields": {"role": "Data Analyst"}}, {"model": "main.roledetails", "pk": 22, "fields": {"role": "Data Engineer"}}, {"model": "main.roledetails", "pk": 23, "fields": {"role": "Data Scientist"}}, {"model": "main.roledetails", "pk": 24, "fields": {"role": "Database Administrator"}}, {"model": "main.roledetails", "pk": 25, "fields": {"role": "Designer"}}, {"model": "main.roledetails", "pk": 26, "fields": {"role": "DevOps Engineer"}}, {"model": "main.roledetails", "pk": 27, "fields": {"role": "Digital Marketing Specialist"}}, {"model": "main.roledetails", "pk": 28, "fields": {"role": "Economist"}}, {"model": "main.roledetails", "pk": 29, "fields": {"role": "Electrician"}}, {"model": "main.roledetails", "pk": 30, "fields": {"role": "Environmental Engineer"}}, {"model": "main.roledetails", "pk": 31, "fields": {"role": "Ethical Hacker"}}, {"model": "main.roledetails", "pk": 32, "fields": {"role": "Event Planner"}}, {"model": "main.roledetails", "pk": 33, "fields": {"role": "Fashion Designer"}}, {"model": "main.roledetails", "pk": 34, "fields": {"role": "Financial Advisor"}}, {"model": "main.roledetails", "pk": 35, "fields": {"role": "Financial Analyst"}}, {"model": "main.roledetails", "pk": 36, "fields": {"role": "Fitness Trainer"}}, {"model": "main.roledetails", "pk": 37, "fields": {"role": "Front-end Developer"}}, {"model": "main.roledetails", "pk": 38, "fields": {"role": "Game Designer"}}, {"model": "main.roledetails", "pk": 39, "fields": {"role": "Game Developer"}}, {"model": "main.roledetails", "pk": 40, "fields": {"role": "GIS Analyst"}}, {"model": "main.roledetails", "pk": 41, "fields": {"role": "Graphic Designer"}}, {"model": "main.roledetails", "pk": 42, "fields": {"role": "Health Informatics Analyst"}}, {"model": "main.roledetails", "pk": 43, "fields": {"role": "Healthcare Administrator"}}, {"model": "main.roledetails", "pk": 44, "fields": {"role": "HR Manager"}}, {"model": "main.roledetails", "pk": 45, "fields": {"role": "Information Security Analyst"}}, {"model": "main.roledetails", "pk": 46, "fields": {"role": "Industrial Engineer"}}, {"model": "main.roledetails", "pk": 47, "fields": {"role": "Interior Designer"}}, {"model": "main.roledetails", "pk": 48, "fields": {"role": "iOS Developer"}}, {"model": "main.roledetails", "pk": 49, "fields": {"role": "IT Support Specialist"}}, {"model": "main.roledetails", "pk": 50, "fields": {"role": "Java Developer"}}, {"model": "main.roledetails", "pk": 51, "fields": {"role": "Java Programmer"}}, {"model": "main.roledetails", "pk": 52, "fields": {"role": "Java Architect"}}, {"model": "main.roledetails", "pk": 53, "fields": {"role": "Journalist"}}, {"model": "main.roledetails", "pk": 54, "fields": {"role": "Kitchen Designer"}}, {"model": "main.roledetails", "pk": 55, "fields": {"role": "Kitchen Manager"}}, {"model": "main.roledetails", "pk": 56, "fields": {"role": "Landscape Architect"}}, {"model": "main.roledetails", "pk": 57, "fields": {"role": "Landscape Designer"}}, {"model": "main.roledetails", "pk": 58, "fields": {"role": "Lawyer"}}, {"model": "main.roledetails", "pk": 59, "fields": {"role": "Market Research Analyst"}}, {"model": "main.roledetails", "pk": 60, "fields": {"role": "Market Strategist"}}, {"model": "main.roledetails", "pk": 61, "fields": {"role": "Marketing Coordinator"}}, {"model": "main.roledetails", "pk": 62, "fields": {"role": "Marketing Manager"}}, {"model": "main.roledetails", "pk": 63, "fields": {"role": "Mechanical Engineer"}}, {"model": "main.roledetails", "pk": 64, "fields": {"role": "Mobile App Developer"}}, {"model": "main.roledetails", "pk": 65, "fields": {"role": "Network Administrator"}}, {"model": "main.roledetails", "pk": 66, "fields": {"role": "Network Engineer"}}, {"model": "main.roledetails", "pk": 67, "fields": {"role": "Network Security Specialist"}}, {"model": "main.roledetails", "pk": 68, "fields": {"role": "Nurse"}}, {"model": "main.roledetails", "pk": 69, "fields": {"role": "Occupational Health Specialist"}}, {"model": "main.roledetails", "pk": 70, "fields": {"role": "Occupational Therapist"}}, {"model": "main.roledetails", "pk": 71, "fields": {"role": "Operations Manager"}}, {"model": "main.roledetails", "pk": 72, "fields": {"role": "Paralegal"}}, {"model": "main.roledetails", "pk": 73, "fields": {"role": "Patent Attorney"}}, {"model": "main.roledetails", "pk": 74, "fields": {"role": "Patent Examiner"}}, {"model": "main.roledetails", "pk": 75, "fields": {"role": "Product Manager"}}, {"model": "main.roledetails", "pk": 76, "fields": {"role": "Project Manager"}}, {"model": "main.roledetails", "pk": 77, "fields": {"role": "Psychologist"}}, {"model": "main.roledetails", "pk": 78, "fields": {"role": "QA Tester"}}, {"model": "main.roledetails", "pk": 79, "fields": {"role": "Quality Assurance"}}, {"model": "main.roledetails", "pk": 80, "fields": {"role": "Quality Control Specialist"}}, {"model": "main.roledetails", "pk": 81, "fields": {"role": "Recruiter"}}, {"model": "main.roledetails", "pk": 82, "fields": {"role": "Research Analyst"}}, {"model": "main.roledetails", "pk": 83, "fields": {"role": "Robotic Process Automation Specialist"}}, {"model": "main.roledetails", "pk": 84, "fields": {"role": "Robotics Engineer"}}, {"model": "main.roledetails", "pk": 85, "fields": {"role": "Sales Executive"}}, {"model": "main.roledetails", "pk": 86, "fields": {"role": "Sales Manager"}}, {"model": "main.roledetails", "pk": 87, "fields": {"role": "Sales Representative"}}, {"model": "main.roledetails", "pk": 88, "fields": {"role": "Social Media Coordinator"}}, {"model": "main.roledetails", "pk": 89, "fields": {"role": "Social Worker"}}, {"model": "main.roledetails", "pk": 90, "fields": {"role": "Software Architect"}}, {"model": "main.roledetails", "pk": 91, "fields": {"role": "Software Engineer"}}, {"model": "main.roledetails", "pk": 92, "fields": {"role": "Software Tester"}}, {"model": "main.roledetails", "pk": 93, "fields": {"role": "Teacher"}}, {"model": "main.roledetails", "pk": 94, "fields": {"role": "Technical Support Specialist"}}, {"model": "main.roledetails", "pk": 95, "fields": {"role": "Technical Writer"}}, {"model": "main.roledetails", "pk": 96, "fields": {"role": "UI Designer"}}, {"model": "main.roledetails", "pk": 97, "fields": {"role": "UI/UX Designer"}}, {"model": "main.roledetails", "pk": 98, "fields": {"role": "UX Designer"}}, {"model": "main.roledetails", "pk": 99, "fields": {"role": "VFX Artist"}}, {"model": "main.roledetails", "pk": 100, "fields": {"role": "Video Editor"}}, {"model": "main.roledetails", "pk": 101, "fields": {"role": "Visual Effects Supervisor"}}, {"model": "main.roledetails", "pk": 102, "fields": {"role": "Web Designer"}}, {"model": "main.roledetails", "pk": 103, "fields": {"role": "Web Developer"}}, {"model": "main.roledetails", "pk": 104, "fields": {"role": "Writer"}}, {"model": "main.roledetails", "pk": 105, "fields": {"role": "Yoga Instructor"}}, {"model": "main.roledetails", "pk": 106, "fields": {"role": "Zoologist"}}, {"model": "main.roledetails", "pk": 107, "fields": {"role": "Zoology Researcher"}}, {"model": "main.roledetails", "pk": 216, "fields": {"role": "Back-end Developer"}}, {"model": "main.course", "pk": 1, "fields": {"course": "Bachelor of Arts (BA)", "description": "", "institution_type": ""}}, {"model": "main.course", "pk": 2, "fields": {"course": "Bachelor of Science (BSc)", "description": "", "institution_type": ""}}, {"model": "main.course", "pk": 3, "fields": {"course": "Bachelor of Commerce (BCom)", "description": "", "institution_type": ""}}, {"model": "main.course", "pk": 4, "fields": {"course": "Bachelor of Business Administration (BBA)", "description": "", "institution_type": ""}}, {"model": "main.course", "pk": 5, "fields": {"course": "Bachelor of Engineering (BE)", "description": "", "institution_type": ""}}, {"model": "main.course", "pk": 6, "fields": {"course": "Bachelor of Technology (B.Tech)", "description": "", "institution_type": ""}}, {"model": "main.course", "pk": 7, "fields": {"course": "Bachelor of Architecture (B.Arch)", "description": "", "institution_type": ""}}, {"model": "main.course", "pk": 8, "fields": {"course": "Bachelor of Fine Arts (BFA)", "description": "", "institution_type": ""}}, {"model": "main.course", "pk": 9, "fields": {"course": "Bachelor of Design (B.Des)", "description": "", "institution_type": ""}}, {"model": "main.course", "pk": 10, "fields": {"course": "Bachelor of Pharmacy (B.Pharm)", "description": "", "institution_type": ""}}, {"model": "main.course", "pk": 11, "fields": {"course": "Bachelor of Medicine, Bachelor of Surgery (MBBS)", "description": "", "institution_type": ""}}, {"model": "main.course", "pk": 12, "fields": {"course": "Bachelor of Dental Surgery (BDS)", "description": "", "institution_type": ""}}, {"model": "main.course", "pk": 13, "fields": {"course": "Bachelor of Ayurvedic Medicine and Surgery (BAMS)", "description": "", "institution_type": ""}}, {"model": "main.course", "pk": 14, "fields": {"course": "Bachelor of Homoeopathic Medicine and Surgery (BHMS)", "description": "", "institution_type": ""}}, {"model": "main.course", "pk": 15, "fields": {"course": "Bachelor of Physiotherapy (BPT)", "description": "", "institution_type": ""}}, {"model": "main.course", "pk": 16, "fields": {"course": "Bachelor of Occupational Therapy (BOT)", "description": "", "institution_type": ""}}, {"model": "main.course", "pk": 17, "fields": {"course": "Bachelor of Veterinary Science (BVSc)", "description": "", "institution_type": ""}}, {"model": "main.course", "pk": 18, "fields": {"course": "Bachelor of Laws (LLB)", "description": "", "institution_type": ""}}, {"model": "main.course", "pk": 19, "fields": {"course": "Bachelor of Education (B.Ed)", "description": "", "institution_type": ""}}, {"model": "main.course", "pk": 20, "fields": {"course": "Bachelor of Hotel Management (BHM)", "description": "", "institution_type": ""}}, {"model": "main.course", "pk": 21, "fields": {"course": "Bachelor of Fashion Design (BFD)", "description": "", "institution_type": ""}}, {"model": "main.course", "pk": 22, "fields": {"course": "Master of Arts (MA)", "description": "", "institution_type": ""}}, {"model": "main.course", "pk": 23, "fields": {"course": "Master of Science (MSc)", "description": "", "institution_type": ""}}, {"model": "main.course", "pk": 24, "fields": {"course": "Master of Commerce (MCom)", "description": "", "institution_type": ""}}, {"model": "main.course", "pk": 25, "fields": {"course": "Master of Business Administration (MBA)", "description": "", "institution_type": ""}}, {"model": "main.course", "pk": 26, "fields": {"course": "Master of Technology (M.Tech)", "description": "", "institution_type": ""}}, {"model": "main.course", "pk": 27, "fields": {"course": "Master of Engineering (ME)", "description": "", "institution_type": ""}}, {"model": "main.course", "pk": 28, "fields": {"course": "Master of Architecture (M.Arch)", "description": "", "institution_type": ""}}, {"model": "main.course", "pk": 29, "fields": {"course": "Master of Fine Arts (MFA)", "description": "", "institution_type": ""}}, {"model": "main.course", "pk": 30, "fields": {"course": "Master of Design (M.Des)", "description": "", "institution_type": ""}}, {"model": "main.course", "pk": 31, "fields": {"course": "Master of Pharmacy (M.Pharm)", "description": "", "institution_type": ""}}, {"model": "main.course", "pk": 32, "fields": {"course": "Master of Medicine (MD)", "description": "", "institution_type": ""}}, {"model": "main.course", "pk": 33, "fields": {"course": "Master of Surgery (MS)", "description": "", "institution_type": ""}}, {"model": "main.course", "pk": 34, "fields": {"course": "Master of Dental Surgery (MDS)", "description": "", "institution_type": ""}}, {"model": "main.course", "pk": 35, "fields": {"course": "Master of Ayurvedic Medicine (MAM)", "description": "", "institution_type": ""}}, {"model": "main.course", "pk": 36, "fields": {"course": "Master of Homoeopathic Medicine (MHM)", "description": "", "institution_type": ""}}, {"model": "main.course", "pk": 37, "fields": {"course": "Master of Physiotherapy (MPT)", "description": "", "institution_type": ""}}, {"model": "main.course", "pk": 38, "fields": {"course": "Master of Occupational Therapy (MOT)", "description": "", "institution_type": ""}}, {"model": "main.course", "pk": 39, "fields": {"course": "Master of Veterinary Science (MVSc)", "description": "", "institution_type": ""}}, {"model": "main.course", "pk": 40, "fields": {"course": "Master of Laws (LLM)", "description": "", "institution_type": ""}}, {"model": "main.course", "pk": 41, "fields": {"course": "Master of Education (M.Ed)", "description": "", "institution_type": ""}}, {"model": "main.course", "pk": 42, "fields": {"course": "Master of Hotel Management (MHM)", "description": "", "institution_type": ""}}, {"model": "main.course", "pk": 43, "fields": {"course": "Master of Fashion Design (MFD)", "description": "", "institution_type": ""}}]